Name,Producer,Ram Type,Size_Bin
Corsair Vengeance RGB RS,Corsair,DDR4,16GB
ADATA Lancer DDR5-5200,ADATA,DDR5,16GB
ADATA Premier DDR5-4800,ADATA,DDR5,16GB
ADATA XPG Spectrix D80 red,ADATA,DDR4,32GB
ADATA XPG Spectrix D80 black,ADATA,DDR4,16GB
ADATA XPG Spectrix RGB D41 grey,ADATA,DDR4,16GB
ADATA XPG Spectrix RGB D41 grey,ADATA,DDR4,32GB
ADATA XPG Spectrix RGB D41 grey,ADATA,DDR4,16GB
ADATA XPG Spectrix RGB D41 red,ADATA,DDR4,16GB
ADATA XPG Spectrix RGB D41 red,ADATA,DDR4,16GB
ADATA XPG Spectrix RGB D60G grey,ADATA,DDR4,16GB
ADATA XPG Spectrix RGB D60G grey,ADATA,DDR4,16GB
"Avexir Blitz Series, weiße LED, DDR4-3600, CL17 - 16 GB Kit",Avexir,DDR4,16GB
"Avexir Core Series, blaue LED, DDR4-2400, CL16 - 16 GB Kit",Avexir,DDR4,16GB
"Avexir Core Series, blaue LED, DDR4-2400, CL16 - 8 GB",Avexir,DDR4,8GB
"Avexir Core Series, blaue LED, DDR4-2400, CL16 - 8 GB Kit",Avexir,DDR4,8GB
"Avexir Core Series, grüne LED, DDR4-2400, CL16 - 8 GB",Avexir,DDR4,8GB
"Avexir Core Series, rote LED, DDR4-2400, CL16 - 32 GB Kit",Avexir,DDR4,32GB
"Avexir Core Series, rote LED, DDR4-2400, CL16 - 8 GB",Avexir,DDR4,8GB
"Avexir Core Series, rote LED, DDR4-2400, CL16 - 8 GB Kit",Avexir,DDR4,8GB
"Avexir Core Series, weiße LED, DDR4-2400, CL16 - 8 GB",Avexir,DDR4,8GB
"Avexir Core Series, weiße LED, DDR4-2400, CL16 - 8 GB Kit",Avexir,DDR4,8GB
Ballistix Sport DDR4-2400 CL16,Ballistix,DDR4,4GB
Ballistix Sport DDR4-2400 CL16,Ballistix,DDR4,8GB
Ballistix Sport LT DDR4-2400 red CL16,Ballistix,DDR4,32GB
Corsair Dominator Platinum + AF,Corsair,DDR4,16GB
Corsair Dominator Platinum DDR4-2666 CL15,Corsair,DDR4,32GB
Corsair Dominator Platinum RGB Series,Corsair,DDR4,16GB
Corsair Dominator Platinum RGB Series,Corsair,DDR4,16GB
Corsair Dominator Platinum RGB Series,Corsair,DDR4,32GB
Corsair Dominator Platinum RGB Series,Corsair,DDR4,16GB
Corsair Dominator Platinum RGB Series,Corsair,DDR4,32GB
Corsair Dominator Platinum Series 16GB,Corsair,DDR4,16GB
Corsair Dominator Platinum Series 16GB,Corsair,DDR4,16GB
Corsair Dominator Platinum Series 32GB,Corsair,DDR4,32GB
Corsair Dominator Platinum Series DDR4-3200,Corsair,DDR4,16GB
Corsair LED 32GB,Corsair,DDR4,32GB
Corsair LPX 16GB,Corsair,DDR4,16GB
Corsair LPX 16GB,Corsair,DDR4,16GB
Corsair LPX 16GB,Corsair,DDR4,16GB
Corsair LPX 16GB,Corsair,DDR4,16GB
Corsair LPX 16GB,Corsair,DDR4,16GB
Corsair LPX 32GB,Corsair,DDR4,32GB
Corsair LPX 32GB,Corsair,DDR4,32GB
Corsair LPX 32GB,Corsair,DDR4,32GB
Corsair LPX 32GB,Corsair,DDR4,32GB
Corsair RGB 16GB,Corsair,DDR4,16GB
Corsair Value Select DDR4-2133 CL15 black,Corsair,DDR4,4GB
Corsair Vengeance LED blue DDR4-3000 CL15,Corsair,DDR4,64GB
Corsair Vengeance LED blue DDR4-3200 CL16,Corsair,DDR4,16GB
Corsair Vengeance LED red DDR4-2666 CL16,Corsair,DDR4,32GB
Corsair Vengeance LED red DDR4-2666 CL16,Corsair,DDR4,32GB
Corsair Vengeance LED red DDR4-3000 CL15,Corsair,DDR4,64GB
Corsair Vengeance LED red DDR4-3200 CL16,Corsair,DDR4,16GB
Corsair Vengeance LED white DDR4-2666 CL16,Corsair,DDR4,32GB
Corsair Vengeance LED white DDR4-2666 CL16,Corsair,DDR4,32GB
Corsair Vengeance LED white DDR4-2666 CL16,Corsair,DDR4,64GB
Corsair Vengeance LED white DDR4-3000 CL15,Corsair,DDR4,64GB
Corsair Vengeance LED white DDR4-3200 CL16,Corsair,DDR4,16GB
Corsair Vengeance LPX Black DDR4-2133 CL13,Corsair,DDR4,16GB
Corsair Vengeance LPX Black DDR4-2133 CL13,Corsair,DDR4,64GB
Corsair Vengeance LPX Black DDR4-2133 CL15,Corsair,DDR4,32GB
Corsair Vengeance LPX Black DDR4-2666 CL16,Corsair,DDR4,128GB+
Corsair Vengeance LPX Black DDR4-3000 CL15,Corsair,DDR4,16GB
Corsair Vengeance LPX blue DDR4-3000 CL15,Corsair,DDR4,16GB
Corsair Vengeance LPX Blue DDR4-2400 CL14,Corsair,DDR4,32GB
Corsair Vengeance LPX DDR4-2400 CL16,Corsair,DDR4,32GB
"Corsair Vengeance LPX red + AF, DDR4-3600, CL 18 - 16 GB Dual Kit",Corsair,DDR4,16GB
Corsair Vengeance LPX red DDR4-2133 CL13,Corsair,DDR4,16GB
Corsair Vengeance LPX red DDR4-2133MHz CL13,Corsair,DDR4,16GB
Corsair Vengeance LPX red DDR4-2400MHz CL14,Corsair,DDR4,4GB
Corsair Vengeance LPX red DDR4-2666 CL16,Corsair,DDR4,8GB
Corsair Vengeance LPX red DDR4-3000MHz CL15,Corsair,DDR4,8GB
Corsair Vengeance LPX black + AF,Corsair,DDR4,16GB
Corsair Vengeance LPX black DDR4-2400 CL16,Corsair,DDR4,16GB
Corsair Vengeance LPX black DDR4-2400MHz CL14,Corsair,DDR4,4GB
Corsair Vengeance LPX black DDR4-2666MHz CL16,Corsair,DDR4,8GB
Corsair Vengeance LPX black DDR4-2800 CL14,Corsair,DDR4,16GB
Corsair Vengeance LPX black DDR4-3333 CL16,Corsair,DDR4,16GB
"Corsair Vengeance LPX Series red DDR4-2666, CL15 - 16 GB Kit",Corsair,DDR4,16GB
"Corsair Vengeance LPX Series red DDR4-2666, CL16 - 16 GB Quad Kit",Corsair,DDR4,16GB
Corsair Vengeance LPX Series red DDR4-3200,Corsair,DDR4,16GB
"Corsair Vengeance LPX Series red DDR4-3466, CL16 - 16 GB Kit",Corsair,DDR4,16GB
"Corsair Vengeance LPX Series black DDR4-2400, CL14 - 32 GB Kit",Corsair,DDR4,32GB
"Corsair Vengeance LPX Series black DDR4-3000, CL15 - 8 GB Kit",Corsair,DDR4,8GB
Corsair Vengeance LPX Series black DDR4-3200,Corsair,DDR4,16GB
"Corsair Vengeance LPX Series black DDR4-3466, CL16 - 16 GB Kit",Corsair,DDR4,16GB
Corsair Vengeance LPX Series white,Corsair,DDR4,16GB
"Corsair Vengeance LPX Series white, DDR4-3200, CL 16 - 32 GB Dual-Kit",Corsair,DDR4,32GB
Corsair Vengeance RGB Pro Series black,Corsair,DDR4,16GB
Corsair Vengeance RGB Pro Series black,Corsair,DDR4,16GB
Corsair Vengeance RGB Pro Series black,Corsair,DDR4,32GB
Corsair Vengeance RGB Pro Series black,Corsair,DDR4,16GB
Corsair Vengeance RGB Pro Series black,Corsair,DDR4,16GB
Corsair Vengeance RGB Pro Series black,Corsair,DDR4,32GB
Corsair Vengeance RGB Pro Series black,Corsair,DDR4,32GB
Corsair Vengeance RGB Pro Series white,Corsair,DDR4,32GB
Corsair Vengeance RGB Pro Series white,Corsair,DDR4,16GB
Corsair Vengeance RGB Pro Series white,Corsair,DDR4,16GB
Corsair Vengeance RGB Series black,Corsair,DDR4,16GB
Corsair Vengeance RGB Series white,Corsair,DDR4,16GB
Crucial Ballistix Elite series,Crucial,DDR4,16GB
"Crucial Ballistix Elite Series DDR4-2666, CL16 - 32 GB Kit",Crucial,DDR4,32GB
"Crucial Ballistix Elite Series DDR4-2666, CL16 - 8 GB",Crucial,DDR4,8GB
"Crucial Ballistix Elite Series DDR4-3000, CL15 - 16 GB Kit",Crucial,DDR4,16GB
Crucial Ballistix Sport AT series,Crucial,DDR4,16GB
Crucial Ballistix Sport AT series,Crucial,DDR4,32GB
Crucial Ballistix Sport LT DDR4-2400 CL16,Ballistix,DDR4,32GB
Crucial Ballistix Sport LT DDR4-2400 red CL16,Ballistix,DDR4,64GB
Crucial Ballistix Sport LT grey DDR4-2666 CL16,Ballistix,DDR4,16GB
Crucial Ballistix Sport LT grey DDR4-2666 CL16,Ballistix,DDR4,4GB
Crucial Ballistix Sport LT grey DDR4-2666 CL16,Ballistix,DDR4,8GB
Crucial Ballistix Sport LT grey DDR4-2666 CL16,Ballistix,DDR4,16GB
Crucial Ballistix Sport LT red DDR4-2666 CL16,Ballistix,DDR4,16GB
Crucial Ballistix Sport LT red DDR4-2666 CL16,Ballistix,DDR4,8GB
Crucial Ballistix Sport LT series grey,Crucial,DDR4,16GB
Crucial Ballistix Sport LT series grey,Crucial,DDR4,32GB
"Crucial Ballistix Sport LT Series grey DDR4-2400, CL16 - 16 GB Kit",Crucial,DDR4,16GB
"Crucial Ballistix Sport LT Series grey DDR4-2400, CL16 - 32 GB Kit",Crucial,DDR4,32GB
"Crucial Ballistix Sport LT Series grey DDR4-2400, CL16 - 8 GB",Crucial,DDR4,8GB
"Crucial Ballistix Sport LT Series grey DDR4-2400, CL16 - 8 GB Kit",Crucial,DDR4,8GB
Crucial Ballistix Sport LT series red,Crucial,DDR4,16GB
Crucial Ballistix Sport LT series red,Crucial,DDR4,32GB
"Crucial Ballistix Sport LT Series red, DDR4-2400, CL16 - 16 GB Kit",Crucial,DDR4,16GB
"Crucial Ballistix Sport LT Series red, DDR4-2400, CL16 - 8 GB",Crucial,DDR4,8GB
"Crucial Ballistix Sport LT Series red, DDR4-2400, CL16 - 8 GB Kit",Crucial,DDR4,8GB
Crucial Ballistix Sport LT series white,Crucial,DDR4,16GB
Crucial Ballistix Sport LT series white,Crucial,DDR4,32GB
"Crucial Ballistix Sport LT Series white DDR4-2400, CL16 - 16 GB Kit",Crucial,DDR4,16GB
"Crucial Ballistix Sport LT Series white DDR4-2400, CL16 - 32 GB Kit",Crucial,DDR4,32GB
"Crucial Ballistix Sport LT Series white DDR4-2400, CL16 - 8 GB Kit",Crucial,DDR4,8GB
"Crucial Ballistix Sport LT Series white, DDR4-2400, CL16 - 8 GB",Crucial,DDR4,8GB
Crucial Ballistix Sport LT white DDR4-2666 CL16,Ballistix,DDR4,16GB
Crucial Ballistix Sport LT white DDR4-2666 CL16,Ballistix,DDR4,4GB
Crucial Ballistix Sport LT white DDR4-2666 CL16,Ballistix,DDR4,8GB
"Crucial Ballistix Sport Series DDR4-2400, CL16 - 8 GB Kit",Crucial,DDR4,8GB
Crucial Ballistix Tactical DDR4-2666 CL16,Ballistix,DDR4,32GB
Crucial Ballistix Tactical DDR4-3000 CL15,Ballistix,DDR4,4GB
"Crucial Ballistix Tactical, DDR4-3000, CL16 - 16 GB Kit",Crucial,DDR4,16GB
Crucial DDR4-2133 CL15,Crucial,DDR4,4GB
Crucial DDR4-2133 CL15,Crucial,DDR4,8GB
Crucial DDR5-4800,Crucial,DDR5,16GB
Crucial DDR5-4800,Crucial,DDR5,32GB
Crucial DDR5-4800,Crucial,DDR5,64GB
"Crucial Value Series DDR4-2133, CL15 - 16 GB Kit",Crucial,DDR4,16GB
"Crucial Value Series DDR4-2133, CL15 - 8 GB",Crucial,DDR4,8GB
G.Skill Aegis DDR4 DDR4-2133 16GB,G.Skill,DDR4,16GB
G.Skill Aegis DDR4 DDR4-2133 32GB,G.Skill,DDR4,32GB
G.Skill Aegis DDR4 DDR4-2133 4GB,G.Skill,DDR4,4GB
G.Skill Aegis DDR4 DDR4-2133 8GB,G.Skill,DDR4,8GB
G.Skill Aegis DDR4 DDR4-2400 16GB,G.Skill,DDR4,16GB
G.Skill Aegis DDR4 DDR4-2400 32GB,G.Skill,DDR4,32GB
G.Skill Aegis DDR4 DDR4-2400 4GB,G.Skill,DDR4,4GB
G.Skill Aegis DDR4 DDR4-2400 8GB,G.Skill,DDR4,8GB
G.Skill Aegis DDR4 DDR4-3000 16GB,G.Skill,DDR4,16GB
G.Skill Aegis DDR4 DDR4-3000 8GB,G.Skill,DDR4,8GB
G.Skill Flare X (for AMD) DDR4-2133 16GB,G.Skill,DDR4,16GB
G.Skill Flare X Series,G.Skill,DDR4,16GB
"G.Skill Fortis Series black, DDR4-2133 für Ryzen, CL 15 - 16 GB Dual-Kit",G.Skill,DDR4,16GB
"G.Skill Fortis Series black, DDR4-2133 für Ryzen, CL 15 - 32 GB Dual-Kit",G.Skill,DDR4,32GB
"G.Skill Fortis Series black, DDR4-2133 für Ryzen, CL 15 - 64 GB Quad-Kit",G.Skill,DDR4,64GB
G.Skill Ripjaws V DDR4-3200 16GB,G.Skill,DDR4,16GB
G.Skill Ripjaws V DDR4-3200 16GB,G.Skill,DDR4,16GB
G.Skill Ripjaws V DDR4-3200 16GB,G.Skill,DDR4,16GB
G.Skill Ripjaws V DDR4-3200 16GB,G.Skill,DDR4,16GB
G.Skill Ripjaws V DDR4-3200 16GB,G.Skill,DDR4,16GB
G.Skill Ripjaws V DDR4-3200 16GB,G.Skill,DDR4,16GB
G.Skill Ripjaws V DDR4-3200 32GB,G.Skill,DDR4,32GB
G.Skill Ripjaws V DDR4-3200 32GB,G.Skill,DDR4,32GB
G.Skill Ripjaws V DDR4-3200 32GB,G.Skill,DDR4,32GB
G.Skill Ripjaws V DDR4-3200 32GB,G.Skill,DDR4,32GB
G.Skill Ripjaws V DDR4-3200 64GB,G.Skill,DDR4,64GB
G.Skill Ripjaws V DDR4-3200 64GB,G.Skill,DDR4,64GB
G.Skill Ripjaws V DDR4-3200 64GB,G.Skill,DDR4,64GB
G.Skill Ripjaws V DDR4-3200 8GB,G.Skill,DDR4,8GB
G.Skill Ripjaws V DDR4-3400 16GB,G.Skill,DDR4,16GB
G.Skill Ripjaws V DDR4-3400 32GB,G.Skill,DDR4,32GB
G.Skill Ripjaws V DDR4-3466 16GB,G.Skill,DDR4,16GB
G.Skill Ripjaws V DDR4-3466 16GB,G.Skill,DDR4,16GB
G.Skill Ripjaws V DDR4-3600 16GB,G.Skill,DDR4,16GB
G.Skill Ripjaws V DDR4-3600 16GB,G.Skill,DDR4,16GB
G.Skill RipJaws V Series,G.Skill,DDR4,16GB
G.Skill RipJaws V Series,G.Skill,DDR4,16GB
G.Skill RipJaws V Series,G.Skill,DDR4,64GB
G.Skill RipJaws V Series,G.Skill,DDR4,32GB
G.Skill RipJaws V Series,G.Skill,DDR4,32GB
G.Skill Sniper X Series,G.Skill,DDR4,32GB
G.Skill Sniper X Series,G.Skill,DDR4,32GB
G.Skill Sniper X Series,G.Skill,DDR4,32GB
G.Skill Sniper X Series,G.Skill,DDR4,16GB
G.Skill Sniper X Series,G.Skill,DDR4,16GB
G.Skill Sniper X Series,G.Skill,DDR4,16GB
G.Skill Trident Z DDR4-3200 16GB,G.Skill,DDR4,16GB
G.Skill Trident Z DDR4-3200 16GB,G.Skill,DDR4,16GB
G.Skill Trident Z DDR4-3200 16GB,G.Skill,DDR4,16GB
G.Skill Trident Z DDR4-3200 16GB,G.Skill,DDR4,16GB
G.Skill Trident Z DDR4-3200 16GB,G.Skill,DDR4,16GB
G.Skill Trident Z DDR4-3200 16GB,G.Skill,DDR4,16GB
G.Skill Trident Z DDR4-3200 16GB,G.Skill,DDR4,16GB
G.Skill Trident Z DDR4-3200 16GB,G.Skill,DDR4,16GB
G.Skill Trident Z DDR4-3200 16GB,G.Skill,DDR4,16GB
G.Skill Trident Z DDR4-3200 16GB,G.Skill,DDR4,16GB
G.Skill Trident Z DDR4-3200 16GB,G.Skill,DDR4,16GB
G.Skill Trident Z DDR4-3200 16GB,G.Skill,DDR4,16GB
G.Skill Trident Z DDR4-3200 16GB,G.Skill,DDR4,16GB
G.Skill Trident Z DDR4-3200 16GB,G.Skill,DDR4,16GB
G.Skill Trident Z DDR4-3200 16GB,G.Skill,DDR4,16GB
G.Skill Trident Z DDR4-3200 16GB,G.Skill,DDR4,16GB
G.Skill Trident Z DDR4-3200 32GB,G.Skill,DDR4,32GB
G.Skill Trident Z DDR4-3200 32GB,G.Skill,DDR4,32GB
G.Skill Trident Z DDR4-3200 32GB,G.Skill,DDR4,32GB
G.Skill Trident Z DDR4-3200 32GB,G.Skill,DDR4,32GB
G.Skill Trident Z DDR4-3200 32GB,G.Skill,DDR4,32GB
G.Skill Trident Z DDR4-3200 32GB,G.Skill,DDR4,32GB
G.Skill Trident Z DDR4-3200 32GB,G.Skill,DDR4,32GB
G.Skill Trident Z DDR4-3200 32GB,G.Skill,DDR4,32GB
G.Skill Trident Z DDR4-3200 32GB,G.Skill,DDR4,32GB
G.Skill Trident Z DDR4-3200 32GB,G.Skill,DDR4,32GB
G.Skill Trident Z DDR4-3200 32GB,G.Skill,DDR4,32GB
G.Skill Trident Z DDR4-3200 32GB,G.Skill,DDR4,32GB
G.Skill Trident Z DDR4-3200 32GB,G.Skill,DDR4,32GB
G.Skill Trident Z DDR4-3200 32GB,G.Skill,DDR4,32GB
G.Skill Trident Z DDR4-3200 32GB,G.Skill,DDR4,32GB
G.Skill Trident Z DDR4-3200 32GB,G.Skill,DDR4,32GB
G.Skill Trident Z DDR4-3200 64GB,G.Skill,DDR4,64GB
G.Skill Trident Z DDR4-3200 64GB,G.Skill,DDR4,64GB
G.Skill Trident Z DDR4-3200 64GB,G.Skill,DDR4,64GB
G.Skill Trident Z DDR4-3200 64GB,G.Skill,DDR4,64GB
G.Skill Trident Z DDR4-3200 64GB,G.Skill,DDR4,64GB
G.Skill Trident Z DDR4-3200 64GB,G.Skill,DDR4,64GB
G.Skill Trident Z DDR4-3200 64GB,G.Skill,DDR4,64GB
G.Skill Trident Z DDR4-3200 64GB,G.Skill,DDR4,64GB
G.Skill Trident Z DDR4-3200 8GB,G.Skill,DDR4,8GB
G.Skill Trident Z DDR4-3400 32GB,G.Skill,DDR4,32GB
G.Skill Trident Z DDR4-3400 CL16,G. Skill,DDR4,16GB
G.Skill Trident Z DDR4-3466 16GB,G.Skill,DDR4,16GB
G.Skill Trident Z DDR4-3466 16GB,G.Skill,DDR4,16GB
G.Skill Trident Z DDR4-3466 16GB,G.Skill,DDR4,16GB
G.Skill Trident Z DDR4-3466 16GB,G.Skill,DDR4,16GB
G.Skill Trident Z DDR4-3466 32GB,G.Skill,DDR4,32GB
G.Skill Trident Z DDR4-3466 32GB,G.Skill,DDR4,32GB
G.Skill Trident Z DDR4-3466 CL16,G. Skill,DDR4,8GB
G.Skill Trident Z DDR4-3600 16GB,G.Skill,DDR4,16GB
G.Skill Trident Z DDR4-3600 16GB,G.Skill,DDR4,16GB
G.Skill Trident Z DDR4-3600 16GB,G.Skill,DDR4,16GB
G.Skill Trident Z DDR4-3600 16GB,G.Skill,DDR4,16GB
G.Skill Trident Z DDR4-3600 16GB,G.Skill,DDR4,16GB
G.Skill Trident Z Neo Series,G.Skill,DDR4,32GB
G.Skill Trident Z Neo Series,G.Skill,DDR4,32GB
G.Skill Trident Z Neo Series,G.Skill,DDR4,16GB
G.Skill Trident Z Neo Series,G.Skill,DDR4,32GB
G.Skill Trident Z Neo Series,G.Skill,DDR4,32GB
G.Skill Trident Z Neo Series,G.Skill,DDR4,16GB
G.Skill Trident Z Neo Series,G.Skill,DDR4,16GB
G.Skill Trident Z Neo Series,G.Skill,DDR4,16GB
G.Skill Trident Z Neo Series,G.Skill,DDR4,16GB
G.Skill Trident Z Neo Series,G.Skill,DDR4,32GB
G.Skill Trident Z Neo Series,G.Skill,DDR4,16GB
G.Skill Trident Z RGB DDR4-3200 16GB,G.Skill,DDR4,16GB
G.Skill Trident Z RGB DDR4-3200 16GB,G.Skill,DDR4,16GB
G.Skill Trident Z RGB DDR4-3200 32GB,G.Skill,DDR4,32GB
G.Skill Trident Z RGB DDR4-3200 64GB,G.Skill,DDR4,64GB
G.Skill Trident Z RGB DDR4-3200 64GB,G.Skill,DDR4,64GB
G.Skill Trident Z RGB DDR4-3466 16GB,G.Skill,DDR4,16GB
G.Skill Trident Z RGB DDR4-3600 16GB,G.Skill,DDR4,16GB
G.Skill Trident Z RGB Series,G.Skill,DDR4,16GB
G.Skill Trident Z RGB Series für AMD,G.Skill,DDR4,16GB
G.Skill Trident Z RGB Series für AMD,G.Skill,DDR4,32GB
G.Skill Trident Z RGB Series für AMD Ryzen,G.Skill,DDR4,16GB
G.Skill Trident Z RGB Series für AMD Ryzen,G.Skill,DDR4,16GB
G.Skill Trident Z Royal Series gold,G.Skill,DDR4,16GB
G.Skill Trident Z Royal Series gold,G.Skill,DDR4,16GB
G.Skill Trident Z Royal Series gold,G.Skill,DDR4,16GB
G.Skill Trident Z Royal Series gold,G.Skill,DDR4,16GB
G.Skill Trident Z Royal Series silver,G.Skill,DDR4,16GB
G.Skill Trident Z Royal Series silver,G.Skill,DDR4,16GB
G.Skill Trident Z Royal Series silver,G.Skill,DDR4,16GB
G.Skill Trident Z Royal Series silver,G.Skill,DDR4,16GB
G.Skill Trident Z Series,G.Skill,DDR4,16GB
G.Skill Trident Z Series silver/red,G.Skill,DDR4,16GB
G.Skill Trident Z Series silver/red,G.Skill,DDR4,16GB
"G.Skill Trident Z Series, DDR4-3000, CL14 - 64 GB Quad-Kit",G.Skill,DDR4,64GB
G.Skill Value DDR4-2133 8GB,G.Skill,DDR4,8GB
G.Skill Value DDR4-2400 8GB,G.Skill,DDR4,8GB
G.Skill Value DDR4-2400 8GB,G.Skill,DDR4,8GB
Gigabyte Aorus RGB Memory,Gigabyte,DDR4,16GB
Gigabyte Aorus RGB Memory,Gigabyte,DDR4,16GB
HyperX Fury black DDR4-2133 CL14,HyperX,DDR4,32GB
HyperX Fury black DDR4-2133 CL14,HyperX,DDR4,8GB
HyperX Fury black DDR4-2133 CL14,HyperX,DDR4,4GB
HyperX Fury black DDR4-2133 CL14,HyperX,DDR4,16GB
HyperX Fury black DDR4-2133 CL14,HyperX,DDR4,16GB
HyperX Fury black DDR4-2400 CL15,HyperX,DDR4,32GB
HyperX Fury black DDR4-2666 CL15,HyperX,DDR4,16GB
HyperX Fury Series,Kingston,DDR4,16GB
"HyperX Fury Series, DDR4-2666, CL15 - 16 GB Kit",HyperX,DDR4,16GB
"HyperX Fury Series, DDR4-2666, CL15 - 32 GB Kit",HyperX,DDR4,32GB
HyperX Predator DDR4-3000 CL15,HyperX,DDR4,32GB
HyperX Predator DDR4-3000 CL15,HyperX,DDR4,32GB
HyperX Predator DDR4-3200 CL16,HyperX,DDR4,16GB
HyperX Savage DDR4-2666 CL15,HyperX,DDR4,128GB+
HyperX Savage black DDR4-2133 CL13,HyperX,DDR4,8GB
HyperX Savage black DDR4-2133 CL13,HyperX,DDR4,4GB
HyperX Savage black DDR4-2400 CL12 XMP,HyperX,DDR4,32GB
HyperX Savage black DDR4-2400 CL12 XMP,HyperX,DDR4,16GB
HyperX Savage black DDR4-2400 CL12 XMP,HyperX,DDR4,8GB
HyperX Savage black DDR4-2400 CL12 XMP,HyperX,DDR4,4GB
HyperX Savage black DDR4-2400 CL12 XMP,HyperX,DDR4,8GB
HyperX Savage black DDR4-2666 CL13 XMP,HyperX,DDR4,8GB
INNO3D iChill Memory,INNO3D,DDR4,16GB
INNO3D iChill Memory,INNO3D,DDR4,16GB
Intenso Desktop Pro DDR4-2133 CL15,Intenso,DDR4,8GB
Kingston Fury Beast,Kingston,DDR5,16GB
Kingston Fury Beast,Kingston,DDR5,32GB
Kingston Fury Beast Black,Kingston,DDR5,16GB
Kingston Fury Beast Black,Kingston,DDR5,32GB
Kingston Value DDR4-2133 CL15,Kingston,DDR4,16GB
Kingston Value DDR4-2133 CL15 kit,Kingston,DDR4,32GB
Kingston Value DDR4-2133 CL15 reg. ECC,Kingston,DDR4,32GB
Kingston Value DDR4-2133 CL15,Kingston,DDR4,8GB
Kingston Value DDR4-2400 CL17,Kingston,DDR4,8GB
Kingston Value DDR4-2400 CL17,Kingston,DDR4,16GB
Kingston Value DDR4-2133 CL15,Kingston,DDR4,16GB
Kingston ValueRAM,Kingston,DDR5,16GB
Kingston ValueRAM,Kingston,DDR5,32GB
"Team Group Dark Pro Series grey, DDR4-3200, CL16 - 8 GB Kit",Team Group,DDR4,8GB
"Team Group Dark Pro Series red, DDR4-3000, CL15 - 16 GB Kit",Team Group,DDR4,16GB
"Team Group Dark Pro Series red, DDR4-3000, CL15 - 8 GB Kit",Team Group,DDR4,8GB
"Team Group Dark Pro Series red, DDR4-3200, CL16 - 8 GB Kit",Team Group,DDR4,8GB
"Team Group Dark Series blue, DDR4-2666, CL15 - 16 GB Kit",Team Group,DDR4,16GB
"Team Group Dark Series white, DDR4-3000, CL16 - 16 GB Kit",Team Group,DDR4,16GB
"Team Group Elite Plus Series black, DDR4-2133, CL15 - 16 GB Kit",Team Group,DDR4,16GB
"Team Group Elite Plus Series black, DDR4-2400, CL16 - 8 GB",Team Group,DDR4,8GB
"Team Group T-Force Dark grey, DDR4-3000, CL16 - 16 GB Kit",Team Group,DDR4,16GB
"Team Group T-Force Dark red, DDR4-3000, CL16 - 16 GB Kit",Team Group,DDR4,16GB
Team Group T-Force Nighthawk,Team Group,DDR4,16GB
"Team Group T-Force Nighthawk, blaue LED, DDR4-3000, CL16 - 16 GB Kit",Team Group,DDR4,16GB
"Team Group T-Force Nighthawk, blaue LED, DDR4-3200, CL16 - 32 GB Kit",Team Group,DDR4,32GB
"Team Group T-Force Nighthawk, rote LED, DDR4-3000, CL16 - 16 GB Kit",Team Group,DDR4,16GB
"Team Group T-Force Nighthawk, rote LED, DDR4-3200, CL16 - 16 GB Kit",Team Group,DDR4,16GB
"Team Group T-Force Nighthawk, rote LED, DDR4-3200, CL16 - 32 GB Kit",Team Group,DDR4,32GB
"Team Group T-Force Nighthawk, weiße LED, DDR4-3000, CL16 - 16 GB Kit",Team Group,DDR4,16GB
"Team Group T-Force Nighthawk, weiße LED, DDR4-3200, CL16 - 32 GB Kit",Team Group,DDR4,32GB
"Team Group Vulcan Series Gold, DDR4-3000, CL16 - 32 GB Kit",Team Group,DDR4,32GB
"Team Group Vulcan Series white, DDR4-3000, CL16 - 16 GB Kit",Team Group,DDR4,16GB
Thermaltake Toughram RGB DDR4-3200 CL16 - 16 GB Dual-Kit,Thermaltake,DDR4,16GB
Thermaltake Toughram RGB DDR4-3600 CL18 - 16 GB Dual-Kit,Thermaltake,DDR4,16GB
ADATA XPG Gammix D10,ADATA,DDR4,16GB
ADATA XPG Gammix D10,ADATA,DDR4,32GB
ADATA XPG Gammix D10,ADATA,DDR4,8GB
ADATA XPG Gammix D10,ADATA,DDR4,16GB
ADATA XPG Gammix D10,ADATA,DDR4,16GB
ADATA XPG Gammix D10,ADATA,DDR4,16GB
ADATA XPG Gammix D10,ADATA,DDR4,8GB
ADATA XPG Gammix D10,ADATA,DDR4,32GB
ADATA XPG Gammix D10,ADATA,DDR4,16GB
ADATA XPG Spectrix D40 RGB,ADATA,DDR4,16GB
ADATA XPG Spectrix D50 Xtreme,ADATA,DDR4,16GB
ADATA XPG Spectrix D50 Xtreme,ADATA,DDR4,16GB
ADATA XPG Spectrix D80 red,ADATA,DDR4,16GB
ADATA XPG Spectrix D80 red,ADATA,DDR4,32GB
ADATA XPG Spectrix D80 black,ADATA,DDR4,32GB
ADATA XPG Spectrix D80 black,ADATA,DDR4,16GB
ADATA XPG Spectrix RGB D41 grey,ADATA,DDR4,32GB
ADATA XPG Spectrix RGB D41 grey,ADATA,DDR4,16GB
ADATA XPG Spectrix RGB D41 red,ADATA,DDR4,16GB
ADATA XPG Spectrix RGB D60G grey,ADATA,DDR4,16GB
"Avexir Blitz Series, rote LED, DDR4-3200, CL16 - 16 GB Kit",Avexir,DDR4,16GB
"Avexir Core Series, blaue LED, DDR4-2400, CL16 - 4 GB",Avexir,DDR4,4GB
"Avexir Core Series, grüne LED, DDR4-2400, CL16 - 4 GB",Avexir,DDR4,4GB
"Avexir Core Series, rote LED, DDR4-2400, CL16 - 16 GB Kit",Avexir,DDR4,16GB
"Avexir Core Series, rote LED, DDR4-2400, CL16 - 16 GB Kit",Avexir,DDR4,16GB
"Avexir Core Series, weiße LED, DDR4-2400, CL16 - 16 GB Kit",Avexir,DDR4,16GB
"Avexir Core Series, weiße LED, DDR4-2400, CL16 - 4 GB",Avexir,DDR4,4GB
Ballistix Elite DDR4-2666 CL16,Ballistix,DDR4,4GB
Ballistix Tactical DDR4-3000 CL15,Ballistix,DDR4,8GB
Corsair 16GB,Corsair,DDR4,16GB
Corsair 16GB,Corsair,DDR4,16GB
Corsair 8GB,Corsair,DDR4,8GB
"Corsair Dominator Limited Orange DDR4-3400, CL16 - 16 GB Quad Kit",Corsair,DDR4,16GB
Corsair Dominator Platinum + AF,Corsair,DDR4,8GB
Corsair Dominator Platinum + AF,Corsair,DDR4,8GB
"Corsair Dominator Platinum + AF, DDR4-3600, CL 16 - 32 GB Quad Kit",Corsair,DDR4,32GB
"Corsair Dominator Platinum + AF, DDR4-3600, CL 18 - 16 GB Quad Kit",Corsair,DDR4,16GB
"Corsair Dominator Platinum + AF, DDR4-3733, CL 17 - 8 GB Dual Kit",Corsair,DDR4,8GB
"Corsair Dominator Platinum + AF, DDR4-3866, CL 18 - 8 GB Dual Kit",Corsair,DDR4,8GB
Corsair Dominator Platinum DDR4-2400 CL14,Corsair,DDR4,128GB+
Corsair Dominator Platinum DDR4-2666 CL15,Corsair,DDR4,16GB
Corsair Dominator Platinum DDR4-2666 CL15,Corsair,DDR4,128GB+
Corsair Dominator Platinum DDR4-2800 CL14,Corsair,DDR4,128GB+
Corsair Dominator Platinum DDR4-2800 CL14,Corsair,DDR4,64GB
Corsair Dominator Platinum DDR4-2800 CL16,Corsair,DDR4,16GB
Corsair Dominator Platinum DDR4-3000 CL15,Corsair,DDR4,16GB
Corsair Dominator Platinum DDR4-3000 CL15,Corsair,DDR4,8GB
Corsair Dominator Platinum DDR4-3000 CL16,Corsair,DDR4,128GB+
Corsair Dominator Platinum DDR4-3200 CL16,Corsair,DDR4,8GB
Corsair Dominator Platinum DDR4-3200 CL16,Corsair,DDR4,32GB
Corsair Dominator Platinum RGB,Corsair,DDR5,32GB
Corsair Dominator Platinum RGB,Corsair,DDR5,32GB
Corsair Dominator Platinum RGB,Corsair,DDR5,32GB
Corsair Dominator Platinum RGB,Corsair,DDR5,32GB
Corsair Dominator Platinum RGB,Corsair,DDR5,64GB
Corsair Dominator Platinum RGB,Corsair,DDR5,64GB
Corsair Dominator Platinum RGB,Corsair,DDR5,64GB
Corsair Dominator Platinum RGB,Corsair,DDR5,64GB
Corsair Dominator Platinum RGB,Corsair,DDR5,64GB
Corsair Dominator Platinum RGB,Corsair,DDR5,64GB
Corsair Dominator Platinum RGB,Corsair,DDR5,64GB
Corsair Dominator Platinum RGB Series,Corsair,DDR4,16GB
Corsair Dominator Platinum RGB Series,Corsair,DDR4,32GB
Corsair Dominator Platinum RGB Series,Corsair,DDR4,32GB
Corsair Dominator Platinum RGB Series,Corsair,DDR4,32GB
Corsair Dominator Platinum RGB Series,Corsair,DDR4,32GB
Corsair Dominator Platinum RGB Series,Corsair,DDR4,64GB
Corsair Dominator Platinum RGB Series,Corsair,DDR4,64GB
Corsair Dominator Platinum RGB Series,Corsair,DDR4,16GB
Corsair Dominator Platinum RGB Series,Corsair,DDR4,64GB
Corsair Dominator Platinum RGB Series,Corsair,DDR4,64GB
Corsair Dominator Platinum RGB Series,Corsair,DDR4,128GB+
Corsair Dominator Platinum ROG Edition 32GB,Corsair,DDR4,32GB
Corsair Dominator Platinum Series,Corsair,DDR4,64GB
Corsair Dominator Platinum Series 128GB,Corsair,DDR4,128GB+
Corsair Dominator Platinum Series 16GB,Corsair,DDR4,16GB
Corsair Dominator Platinum Series 16GB,Corsair,DDR4,16GB
Corsair Dominator Platinum Series 16GB,Corsair,DDR4,16GB
Corsair Dominator Platinum Series 16GB,Corsair,DDR4,16GB
Corsair Dominator Platinum Series 16GB,Corsair,DDR4,16GB
Corsair Dominator Platinum Series 16GB,Corsair,DDR4,16GB
Corsair Dominator Platinum Series 16GB,Corsair,DDR4,16GB
Corsair Dominator Platinum Series 16GB,Corsair,DDR4,16GB
Corsair Dominator Platinum Series 16GB,Corsair,DDR4,16GB
Corsair Dominator Platinum Series 32GB,Corsair,DDR4,32GB
Corsair Dominator Platinum Series 32GB,Corsair,DDR4,32GB
Corsair Dominator Platinum Series 32GB,Corsair,DDR4,32GB
Corsair Dominator Platinum Series 32GB,Corsair,DDR4,32GB
Corsair Dominator Platinum Series 32GB,Corsair,DDR4,32GB
Corsair Dominator Platinum Series 32GB,Corsair,DDR4,32GB
Corsair Dominator Platinum Series 32GB,Corsair,DDR4,32GB
Corsair Dominator Platinum Series 32GB,Corsair,DDR4,32GB
Corsair Dominator Platinum Series 32GB,Corsair,DDR4,32GB
Corsair Dominator Platinum Series 32GB,Corsair,DDR4,32GB
Corsair Dominator Platinum Series 32GB,Corsair,DDR4,32GB
Corsair Dominator Platinum Series 32GB,Corsair,DDR4,32GB
Corsair Dominator Platinum Series 32GB,Corsair,DDR4,32GB
Corsair Dominator Platinum Series 64GB,Corsair,DDR4,64GB
Corsair Dominator Platinum Series 64GB,Corsair,DDR4,64GB
Corsair Dominator Platinum Series 64GB,Corsair,DDR4,64GB
Corsair Dominator Platinum Series 64GB,Corsair,DDR4,64GB
Corsair Dominator Platinum Series 64GB,Corsair,DDR4,64GB
Corsair Dominator Platinum Series 64GB,Corsair,DDR4,64GB
Corsair Dominator Platinum Series 64GB,Corsair,DDR4,64GB
Corsair Dominator Platinum Series 64GB,Corsair,DDR4,64GB
Corsair Dominator Platinum Series 64GB,Corsair,DDR4,64GB
"Corsair Dominator Platinum Series DDR4-2400, CL14 - 32 GB Quad Kit",Corsair,DDR4,32GB
Corsair Dominator Platinum Series DDR4-2666,Corsair,DDR4,16GB
Corsair Dominator Platinum Series DDR4-2666,Corsair,DDR4,32GB
"Corsair Dominator Platinum Series DDR4-2666, CL16 - 16 GB Quad Kit",Corsair,DDR4,16GB
"Corsair Dominator Platinum Series DDR4-3000, CL15 - 16 GB Quad Kit",Corsair,DDR4,16GB
"Corsair Dominator Platinum Series DDR4-3200, CL15 - 16 GB Quad Kit",Corsair,DDR4,16GB
"Corsair Dominator Platinum Series DDR4-3200, CL16 - 16 GB Quad Kit",Corsair,DDR4,16GB
Corsair LED 32GB,Corsair,DDR4,32GB
Corsair LED 32GB,Corsair,DDR4,64GB
Corsair LPX 128GB,Corsair,DDR4,128GB+
Corsair LPX 128GB,Corsair,DDR4,128GB+
Corsair LPX 128GB,Corsair,DDR4,128GB+
Corsair LPX 16GB,Corsair,DDR4,16GB
Corsair LPX 16GB,Corsair,DDR4,16GB
Corsair LPX 16GB,Corsair,DDR4,16GB
Corsair LPX 16GB,Corsair,DDR4,16GB
Corsair LPX 16GB,Corsair,DDR4,16GB
Corsair LPX 16GB,Corsair,DDR4,32GB
Corsair LPX 16GB,Corsair,DDR4,16GB
Corsair LPX 16GB,Corsair,DDR4,16GB
Corsair LPX 16GB,Corsair,DDR4,16GB
Corsair LPX 16GB,Corsair,DDR4,16GB
Corsair LPX 16GB,Corsair,DDR4,16GB
Corsair LPX 16GB,Corsair,DDR4,16GB
Corsair LPX 16GB,Corsair,DDR4,16GB
Corsair LPX 16GB,Corsair,DDR4,16GB
Corsair LPX 16GB,Corsair,DDR4,16GB
Corsair LPX 16GB,Corsair,DDR4,16GB
Corsair LPX 32GB,Corsair,DDR4,32GB
Corsair LPX 32GB,Corsair,DDR4,32GB
Corsair LPX 32GB,Corsair,DDR4,32GB
Corsair LPX 32GB,Corsair,DDR4,32GB
Corsair LPX 32GB,Corsair,DDR4,32GB
Corsair LPX 32GB,Corsair,DDR4,32GB
Corsair RGB 16GB,Corsair,DDR4,16GB
Corsair RGB 16GB,Corsair,DDR4,16GB
Corsair RGB 32GB,Corsair,DDR4,32GB
Corsair RGB 32GB,Corsair,DDR4,32GB
Corsair RGB 32GB,Corsair,DDR4,32GB
Corsair RGB 32GB,Corsair,DDR4,32GB
Corsair RGB 32GB,Corsair,DDR4,32GB
Corsair RGB 32GB,Corsair,DDR4,32GB
Corsair RGB 64GB,Corsair,DDR4,64GB
Corsair SO-Dimm Vengeance Series DDR4-3000,Corsair,DDR4,16GB
Corsair ValueSelect,Corsair,DDR4,32GB
Corsair ValueSelect,Corsair,DDR4,16GB
Corsair ValueSelect,Corsair,DDR4,4GB
Corsair ValueSelect,Corsair,DDR4,8GB
Corsair ValueSelect,Corsair,DDR4,16GB
Corsair ValueSelect Series DDR4-2133,Corsair,DDR4,8GB
Corsair Vengeance,Corsair,DDR5,32GB
Corsair Vengeance,Corsair,DDR5,32GB
Corsair Vengeance,Corsair,DDR5,32GB
Corsair Vengeance,Corsair,DDR5,64GB
Corsair Vengeance,Corsair,DDR5,64GB
Corsair Vengeance,Corsair,DDR5,32GB
Corsair Vengeance,Corsair,DDR5,64GB
Corsair Vengeance,Corsair,DDR5,64GB
Corsair Vengeance,Corsair,DDR5,64GB
Corsair Vengeance,Corsair,DDR5,64GB
Corsair Vengeance,Corsair,DDR5,64GB
Corsair Vengeance,Corsair,DDR5,64GB
Corsair Vengeance,Corsair,DDR5,128GB+
Corsair Vengeance,Corsair,DDR5,128GB+
Corsair Vengeance,Corsair,DDR5,
Corsair Vengeance LED blue DDR4-3000 CL15,Corsair,DDR4,16GB
Corsair Vengeance LED blue DDR4-3000 CL15,Corsair,DDR4,32GB
Corsair Vengeance LED blue DDR4-3000 CL15,Corsair,DDR4,32GB
Corsair Vengeance LED blue DDR4-3200 CL16,Corsair,DDR4,32GB
Corsair Vengeance LED blue DDR4-3200 CL16,Corsair,DDR4,32GB
Corsair Vengeance LED blue DDR4-3200 CL16,Corsair,DDR4,64GB
Corsair Vengeance LED red DDR4-2666 CL16,Corsair,DDR4,16GB
Corsair Vengeance LED red DDR4-3000 CL15,Corsair,DDR4,16GB
Corsair Vengeance LED red DDR4-3000 CL15,Corsair,DDR4,32GB
Corsair Vengeance LED red DDR4-3000 CL15,Corsair,DDR4,32GB
Corsair Vengeance LED red DDR4-3200 CL16,Corsair,DDR4,32GB
Corsair Vengeance LED red DDR4-3200 CL16,Corsair,DDR4,32GB
Corsair Vengeance LED red DDR4-3200 CL16,Corsair,DDR4,64GB
Corsair Vengeance LED red DDR4-3400 CL16,Corsair,DDR4,32GB
Corsair Vengeance LED red DDR4-3466 CL16,Corsair,DDR4,32GB
Corsair Vengeance LED Series,Corsair,DDR4,16GB
Corsair Vengeance LED white DDR4-3000 CL15,Corsair,DDR4,16GB
Corsair Vengeance LED white DDR4-3000 CL15,Corsair,DDR4,32GB
Corsair Vengeance LED white DDR4-3000 CL15,Corsair,DDR4,32GB
Corsair Vengeance LED white DDR4-3200 CL16,Corsair,DDR4,64GB
Corsair Vengeance LED white DDR4-3400 CL16,Corsair,DDR4,32GB
Corsair Vengeance LED white DDR4-3466 CL16,Corsair,DDR4,32GB
Corsair Vengeance LPX,Corsair,DDR4,16GB
Corsair Vengeance LPX Black DDR4-2133 CL13,Corsair,DDR4,32GB
Corsair Vengeance LPX Black DDR4-2800 CL14,Corsair,DDR4,32GB
Corsair Vengeance LPX Black DDR4-3200 CL16,Corsair,DDR4,32GB
Corsair Vengeance LPX blue DDR4-2133 CL13,Corsair,DDR4,16GB
Corsair Vengeance LPX Blue DDR4-2400 CL14,Corsair,DDR4,16GB
Corsair Vengeance LPX DDR4-2800 CL14 black,Corsair,DDR4,64GB
Corsair Vengeance LPX DDR4-2800 CL16 - blue,Corsair,DDR4,16GB
Corsair Vengeance LPX DDR4-2800 CL16 - red,Corsair,DDR4,16GB
Corsair Vengeance LPX DDR4-2800 CL16 - black,Corsair,DDR4,16GB
Corsair Vengeance LPX DDR4-2800 red CL16,Corsair,DDR4,8GB
Corsair Vengeance LPX DDR4-2800 black CL16,Corsair,DDR4,32GB
Corsair Vengeance LPX DDR4-2800 black CL16,Corsair,DDR4,8GB
Corsair Vengeance LPX Red DDR4-3000 CL15,Corsair,DDR4,16GB
"Corsair Vengeance LPX red + AF, DDR4-3600, CL 16 - 32 GB Quad Kit",Corsair,DDR4,32GB
"Corsair Vengeance LPX red + AF, DDR4-3600, CL 18 - 32 GB Quad Kit",Corsair,DDR4,32GB
"Corsair Vengeance LPX red + AF, DDR4-3600, CL 18 - 8 GB Dual Kit",Corsair,DDR4,8GB
"Corsair Vengeance LPX red + AF, DDR4-3733, CL 17 - 16 GB Dual Kit",Corsair,DDR4,16GB
"Corsair Vengeance LPX red + AF, DDR4-3733, CL 17 - 32 GB Quad Kit",Corsair,DDR4,32GB
"Corsair Vengeance LPX red + AF, DDR4-3866, CL 18 - 16 GB Quad Kit",Corsair,DDR4,16GB
"Corsair Vengeance LPX red + AF, DDR4-3866, CL 18 - 8 GB Dual Kit",Corsair,DDR4,8GB
"Corsair Vengeance LPX red + AF, DDR4-4000, CL 19 - 16 GB Dual Kit",Corsair,DDR4,16GB
"Corsair Vengeance LPX red + AF, DDR4-4000, CL 19 - 8 GB Dual Kit",Corsair,DDR4,8GB
"Corsair Vengeance LPX red + AF, DDR4-4133, CL 19 - 8 GB Dual Kit",Corsair,DDR4,8GB
"Corsair Vengeance LPX red + AF, DDR4-4200, CL 19 - 8 GB Dual Kit",Corsair,DDR4,8GB
"Corsair Vengeance LPX red + AF, DDR4-4266, CL 19 - 8 GB Dual Kit",Corsair,DDR4,8GB
Corsair Vengeance LPX red DDR4-2133 CL13,Corsair,DDR4,64GB
Corsair Vengeance LPX red DDR4-2133MHz CL13,Corsair,DDR4,8GB
Corsair Vengeance LPX red DDR4-3200 CL16,Corsair,DDR4,32GB
Corsair Vengeance LPX red DDR4-3200MHz CL16,Corsair,DDR4,8GB
Corsair Vengeance LPX black,Corsair,DDR4,16GB
Corsair Vengeance LPX black,Corsair,DDR4,16GB
Corsair Vengeance LPX black,Corsair,DDR4,16GB
Corsair Vengeance LPX black,Corsair,DDR4,16GB
Corsair Vengeance LPX black,Corsair,DDR4,32GB
Corsair Vengeance LPX black,Corsair,DDR4,64GB
Corsair Vengeance LPX black,Corsair,DDR4,64GB
Corsair Vengeance LPX black,Corsair,DDR4,64GB
Corsair Vengeance LPX black,Corsair,DDR4,128GB+
Corsair Vengeance LPX black,Corsair,DDR4,64GB
Corsair Vengeance LPX black + AF,Corsair,DDR4,32GB
"Corsair Vengeance LPX black + AF, DDR4-3600, CL 18 - 16 GB Quad Kit",Corsair,DDR4,16GB
"Corsair Vengeance LPX black + AF, DDR4-3600, CL 18 - 8 GB Dual Kit",Corsair,DDR4,8GB
"Corsair Vengeance LPX black + AF, DDR4-3733, CL 17 - 16 GB Quad Kit",Corsair,DDR4,16GB
"Corsair Vengeance LPX black + AF, DDR4-3733, CL 17 - 8 GB Dual Kit",Corsair,DDR4,8GB
"Corsair Vengeance LPX black + AF, DDR4-4000, CL 19 - 8 GB Dual Kit",Corsair,DDR4,8GB
"Corsair Vengeance LPX black + AF, DDR4-4133, CL 19 - 8 GB Dual Kit",Corsair,DDR4,8GB
"Corsair Vengeance LPX black + AF, DDR4-4200, CL 19 - 8 GB Dual Kit",Corsair,DDR4,8GB
Corsair Vengeance LPX black DDR4-2133 CL13,Corsair,DDR4,64GB
Corsair Vengeance LPX black DDR4-2133MHz CL13,Corsair,DDR4,8GB
Corsair Vengeance LPX Series blue DDR4-2666,Corsair,DDR4,32GB
Corsair Vengeance LPX Series red,Corsair,DDR4,32GB
Corsair Vengeance LPX Series red DDR4-2400,Corsair,DDR4,8GB
"Corsair Vengeance LPX Series red DDR4-2400, CL14 - 16 GB Kit",Corsair,DDR4,16GB
Corsair Vengeance LPX Series red DDR4-2666,Corsair,DDR4,16GB
Corsair Vengeance LPX Series red DDR4-2666,Corsair,DDR4,32GB
"Corsair Vengeance LPX Series red DDR4-2666, CL16 - 8 GB Kit",Corsair,DDR4,8GB
Corsair Vengeance LPX Series red DDR4-3000,Corsair,DDR4,16GB
"Corsair Vengeance LPX Series red DDR4-3200, CL16 - 16 GB Kit",Corsair,DDR4,16GB
Corsair Vengeance LPX Series black,Corsair,DDR4,16GB
Corsair Vengeance LPX Series black,Corsair,DDR4,16GB
Corsair Vengeance LPX Series black,Corsair,DDR4,16GB
Corsair Vengeance LPX Series black,Corsair,DDR4,32GB
Corsair Vengeance LPX Series black,Corsair,DDR4,64GB
Corsair Vengeance LPX Series black DDR4-2133,Corsair,DDR4,16GB
Corsair Vengeance LPX Series black DDR4-2133,Corsair,DDR4,32GB
Corsair Vengeance LPX Series black DDR4-2400,Corsair,DDR4,16GB
Corsair Vengeance LPX Series black DDR4-2400,Corsair,DDR4,8GB
Corsair Vengeance LPX Series black DDR4-2400,Corsair,DDR4,128GB+
Corsair Vengeance LPX Series black DDR4-2666,Corsair,DDR4,16GB
Corsair Vengeance LPX Series black DDR4-2666,Corsair,DDR4,8GB
Corsair Vengeance LPX Series black DDR4-2666,Corsair,DDR4,16GB
Corsair Vengeance LPX Series black DDR4-2666,Corsair,DDR4,32GB
Corsair Vengeance LPX Series black DDR4-3000,Corsair,DDR4,8GB
Corsair Vengeance LPX Series black DDR4-3000,Corsair,DDR4,32GB
"Corsair Vengeance LPX Series black DDR4-3200, CL16 - 16 GB Kit",Corsair,DDR4,16GB
Corsair Vengeance LPX Series white,Corsair,DDR4,16GB
Corsair Vengeance LPX Series white,Corsair,DDR4,16GB
Corsair Vengeance LPX Series white,Corsair,DDR4,16GB
Corsair Vengeance LPX Series white,Corsair,DDR4,32GB
Corsair Vengeance LPX Series white,Corsair,DDR4,32GB
Corsair Vengeance LPX Series white,Corsair,DDR4,64GB
Corsair Vengeance RGB,Corsair,DDR5,32GB
Corsair Vengeance RGB,Corsair,DDR5,32GB
Corsair Vengeance RGB,Corsair,DDR5,64GB
Corsair Vengeance RGB,Corsair,DDR5,64GB
Corsair Vengeance RGB,Corsair,DDR5,32GB
Corsair Vengeance RGB,Corsair,DDR5,32GB
Corsair Vengeance RGB,Corsair,DDR5,64GB
Corsair Vengeance RGB,Corsair,DDR5,64GB
Corsair Vengeance RGB,Corsair,DDR5,64GB
Corsair Vengeance RGB,Corsair,DDR5,64GB
Corsair Vengeance RGB,Corsair,DDR5,64GB
Corsair Vengeance RGB,Corsair,DDR5,128GB+
Corsair Vengeance RGB,Corsair,DDR5,128GB+
Corsair Vengeance RGB,Corsair,DDR5,
Corsair Vengeance RGB Pro black,Corsair,DDR4,64GB
Corsair Vengeance RGB Pro black,Corsair,DDR4,16GB
Corsair Vengeance RGB Pro black,Corsair,DDR4,32GB
Corsair Vengeance RGB Pro black,Corsair,DDR4,32GB
Corsair Vengeance RGB Pro black,Corsair,DDR4,64GB
Corsair Vengeance RGB Pro black,Corsair,DDR4,64GB
Corsair Vengeance RGB Pro Series black,Corsair,DDR4,32GB
Corsair Vengeance RGB Pro Series black,Corsair,DDR4,32GB
Corsair Vengeance RGB Pro Series black,Corsair,DDR4,16GB
Corsair Vengeance RGB Pro Series black,Corsair,DDR4,16GB
Corsair Vengeance RGB Pro Series black,Corsair,DDR4,16GB
Corsair Vengeance RGB Pro Series black,Corsair,DDR4,32GB
Corsair Vengeance RGB Pro Series black,Corsair,DDR4,16GB
Corsair Vengeance RGB Pro Series black,Corsair,DDR4,32GB
Corsair Vengeance RGB Pro Series black,Corsair,DDR4,16GB
Corsair Vengeance RGB Pro Series black,Corsair,DDR4,32GB
Corsair Vengeance RGB Pro Series black,Corsair,DDR4,32GB
Corsair Vengeance RGB Pro Series black,Corsair,DDR4,32GB
Corsair Vengeance RGB Pro Series black,Corsair,DDR4,32GB
Corsair Vengeance RGB Pro Series black,Corsair,DDR4,32GB
Corsair Vengeance RGB Pro Series black,Corsair,DDR4,32GB
Corsair Vengeance RGB Pro Series black,Corsair,DDR4,32GB
Corsair Vengeance RGB Pro Series black,Corsair,DDR4,64GB
Corsair Vengeance RGB Pro Series black,Corsair,DDR4,64GB
Corsair Vengeance RGB Pro Series black,Corsair,DDR4,64GB
Corsair Vengeance RGB Pro Series black,Corsair,DDR4,64GB
Corsair Vengeance RGB Pro Series black,Corsair,DDR4,64GB
Corsair Vengeance RGB Pro Series black,Corsair,DDR4,64GB
Corsair Vengeance RGB Pro Series white,Corsair,DDR4,64GB
Corsair Vengeance RGB Pro Series white,Corsair,DDR4,64GB
Corsair Vengeance RGB Pro Series white,Corsair,DDR4,64GB
Corsair Vengeance RGB Pro Series white,Corsair,DDR4,64GB
Corsair Vengeance RGB Pro Series white,Corsair,DDR4,16GB
Corsair Vengeance RGB Pro Series white,Corsair,DDR4,16GB
Corsair Vengeance RGB Pro Series white,Corsair,DDR4,32GB
Corsair Vengeance RGB Pro Series white,Corsair,DDR4,32GB
Corsair Vengeance RGB Pro Series white,Corsair,DDR4,32GB
Corsair Vengeance RGB Pro Series white,Corsair,DDR4,32GB
Corsair Vengeance RGB Pro Series white,Corsair,DDR4,32GB
Corsair Vengeance RGB Pro Series white,Corsair,DDR4,32GB
Corsair Vengeance RGB Pro Series white,Corsair,DDR4,32GB
Corsair Vengeance RGB Pro Series white,Corsair,DDR4,64GB
Corsair Vengeance RGB Pro Series white,Corsair,DDR4,64GB
Corsair Vengeance RGB Pro Series white,Corsair,DDR4,64GB
Corsair Vengeance RGB Pro Series white,Corsair,DDR4,64GB
Corsair Vengeance RGB Pro Series white,Corsair,DDR4,64GB
Corsair Vengeance RGB Pro SL,Corsair,DDR4,128GB+
Corsair Vengeance RGB Pro SL,Corsair,DDR4,16GB
Corsair Vengeance RGB Pro SL,Corsair,DDR4,16GB
Corsair Vengeance RGB Pro SL,Corsair,DDR4,16GB
Corsair Vengeance RGB Pro SL,Corsair,DDR4,16GB
Corsair Vengeance RGB Pro SL,Corsair,DDR4,32GB
Corsair Vengeance RGB Pro SL,Corsair,DDR4,32GB
Corsair Vengeance RGB Pro SL,Corsair,DDR4,32GB
Corsair Vengeance RGB Pro SL,Corsair,DDR4,32GB
Corsair Vengeance RGB Pro SL,Corsair,DDR4,32GB
Corsair Vengeance RGB Pro SL,Corsair,DDR4,32GB
Corsair Vengeance RGB Pro SL DDR4-3200,Corsair,DDR4,32GB
Corsair Vengeance RGB Pro SL für AMD Ryzen,Corsair,DDR4,16GB
Corsair Vengeance RGB Pro SL für AMD Ryzen,Corsair,DDR4,16GB
Corsair Vengeance RGB Pro SL für AMD Ryzen,Corsair,DDR4,32GB
Corsair Vengeance RGB Pro SL für AMD Ryzen,Corsair,DDR4,32GB
Corsair Vengeance RGB RS,Corsair,DDR4,128GB+
Corsair Vengeance RGB RS,Corsair,DDR4,16GB
Corsair Vengeance RGB RS,Corsair,DDR4,32GB
Corsair Vengeance RGB RS,Corsair,DDR4,32GB
Corsair Vengeance RGB RS,Corsair,DDR4,32GB
Corsair Vengeance RGB RS,Corsair,DDR4,32GB
Corsair Vengeance RGB RS,Corsair,DDR4,64GB
Corsair Vengeance RGB RS,Corsair,DDR4,64GB
Corsair Vengeance RGB RS,Corsair,DDR4,64GB
Corsair Vengeance RGB RT,Corsair,DDR4,16GB
Corsair Vengeance RGB RT,Corsair,DDR4,16GB
Corsair Vengeance RGB RT,Corsair,DDR4,16GB
Corsair Vengeance RGB RT,Corsair,DDR4,16GB
Corsair Vengeance RGB RT,Corsair,DDR4,16GB
Corsair Vengeance RGB RT,Corsair,DDR4,16GB
Corsair Vengeance RGB RT,Corsair,DDR4,32GB
Corsair Vengeance RGB RT,Corsair,DDR4,32GB
Corsair Vengeance RGB RT,Corsair,DDR4,32GB
Corsair Vengeance RGB RT,Corsair,DDR4,32GB
Corsair Vengeance RGB RT,Corsair,DDR4,32GB
Corsair Vengeance RGB RT,Corsair,DDR4,32GB
Corsair Vengeance RGB RT,Corsair,DDR4,32GB
Corsair Vengeance RGB RT,Corsair,DDR4,32GB
Corsair Vengeance RGB RT,Corsair,DDR4,64GB
Corsair Vengeance RGB RT,Corsair,DDR4,32GB
Corsair Vengeance RGB RT,Corsair,DDR4,64GB
Corsair Vengeance RGB RT,Corsair,DDR4,64GB
Corsair Vengeance RGB RT,Corsair,DDR4,32GB
Corsair Vengeance RGB RT,Corsair,DDR4,64GB
Corsair Vengeance RGB RT,Corsair,DDR4,32GB
Corsair Vengeance RGB RT,Corsair,DDR4,64GB
Corsair Vengeance RGB RT,Corsair,DDR4,64GB
Corsair Vengeance RGB RT,Corsair,DDR4,128GB+
Corsair Vengeance RGB RT,Corsair,DDR4,128GB+
Corsair Vengeance RGB Series black,Corsair,DDR4,64GB
Corsair Vengeance RGB Series white,Corsair,DDR4,32GB
Crucial Ballistix Elite DDR4-3000 CL15,Ballistix,DDR4,8GB
Crucial Ballistix Elite DDR4-3200 CL16,Ballistix,DDR4,4GB
Crucial Ballistix Elite series,Crucial,DDR4,8GB
Crucial Ballistix Elite series,Crucial,DDR4,16GB
Crucial Ballistix Elite series,Crucial,DDR4,32GB
"Crucial Ballistix Elite Series DDR4-2666, CL16 - 16 GB Kit",Crucial,DDR4,16GB
"Crucial Ballistix Elite Series DDR4-2666, CL16 - 8 GB Kit",Crucial,DDR4,8GB
"Crucial Ballistix Elite Series, DDR4-3000, CL15 - 8 GB Kit",Crucial,DDR4,8GB
"Crucial Ballistix Elite Series, DDR4-3200, CL16 - 8 GB Kit",Crucial,DDR4,8GB
Crucial Ballistix Max RGB black,Crucial,DDR4,32GB
Crucial Ballistix Sport AT,Crucial,DDR4,64GB
Crucial Ballistix Sport AT,Crucial,DDR4,16GB
Crucial Ballistix Sport AT,Crucial,DDR4,16GB
Crucial Ballistix Sport AT,Crucial,DDR4,8GB
Crucial Ballistix Sport AT,Crucial,DDR4,8GB
Crucial Ballistix Sport AT,Crucial,DDR4,16GB
Crucial Ballistix Sport AT,Crucial,DDR4,16GB
Crucial Ballistix Sport AT,Crucial,DDR4,16GB
Crucial Ballistix Sport AT,Crucial,DDR4,32GB
Crucial Ballistix Sport AT,Crucial,DDR4,32GB
Crucial Ballistix Sport AT,Crucial,DDR4,32GB
Crucial Ballistix Sport AT series,Crucial,DDR4,8GB
Crucial Ballistix Sport AT series,Crucial,DDR4,16GB
Crucial Ballistix Sport AT series,Crucial,DDR4,32GB
Crucial Ballistix Sport AT series,Crucial,DDR4,64GB
Crucial Ballistix Sport LT grey DDR4-2666 CL16,Ballistix,DDR4,8GB
Crucial Ballistix Sport LT Series grey,Crucial,DDR4,32GB
Crucial Ballistix Sport LT Series grey,Crucial,DDR4,4GB
Crucial Ballistix Sport LT series grey,Crucial,DDR4,8GB
Crucial Ballistix Sport LT Series grey,Crucial,DDR4,8GB
Crucial Ballistix Sport LT series grey,Crucial,DDR4,8GB
Crucial Ballistix Sport LT Series grey,Crucial,DDR4,16GB
Crucial Ballistix Sport LT series grey,Crucial,DDR4,16GB
Crucial Ballistix Sport LT series grey,Crucial,DDR4,16GB
Crucial Ballistix Sport LT series grey,Crucial,DDR4,16GB
Crucial Ballistix Sport LT Series grey,Crucial,DDR4,16GB
Crucial Ballistix Sport LT Series grey,Crucial,DDR4,16GB
Crucial Ballistix Sport LT series grey,Crucial,DDR4,32GB
Crucial Ballistix Sport LT series grey,Crucial,DDR4,32GB
Crucial Ballistix Sport LT Series grey,Crucial,DDR4,32GB
Crucial Ballistix Sport LT series grey,Crucial,DDR4,32GB
Crucial Ballistix Sport LT series grey,Crucial,DDR4,64GB
Crucial Ballistix Sport LT series grey,Crucial,DDR4,64GB
Crucial Ballistix Sport LT Series grey DDR4-2400,Crucial,DDR4,8GB
Crucial Ballistix Sport LT Series grey DDR4-2400,Crucial,DDR4,8GB
Crucial Ballistix Sport LT Series grey DDR4-2400,Crucial,DDR4,16GB
"Crucial Ballistix Sport LT Series grey DDR4-2400, CL16 - 16 GB Kit",Crucial,DDR4,16GB
Crucial Ballistix Sport LT Series grey DDR4-2666,Crucial,DDR4,16GB
Crucial Ballistix Sport LT Series grey DDR4-2666,Crucial,DDR4,16GB
Crucial Ballistix Sport LT Series grey DDR4-2666,Crucial,DDR4,8GB
Crucial Ballistix Sport LT Series red,Crucial,DDR4,4GB
Crucial Ballistix Sport LT Series red,Crucial,DDR4,4GB
Crucial Ballistix Sport LT Series red,Crucial,DDR4,8GB
Crucial Ballistix Sport LT series red,Crucial,DDR4,8GB
Crucial Ballistix Sport LT series red,Crucial,DDR4,8GB
Crucial Ballistix Sport LT Series red,Crucial,DDR4,8GB
Crucial Ballistix Sport LT Series red,Crucial,DDR4,16GB
Crucial Ballistix Sport LT Series red,Crucial,DDR4,16GB
Crucial Ballistix Sport LT Series red,Crucial,DDR4,16GB
Crucial Ballistix Sport LT Series red,Crucial,DDR4,16GB
Crucial Ballistix Sport LT Series red,Crucial,DDR4,16GB
Crucial Ballistix Sport LT series red,Crucial,DDR4,16GB
Crucial Ballistix Sport LT series red,Crucial,DDR4,16GB
Crucial Ballistix Sport LT series red,Crucial,DDR4,16GB
Crucial Ballistix Sport LT series red,Crucial,DDR4,32GB
Crucial Ballistix Sport LT series red,Crucial,DDR4,32GB
Crucial Ballistix Sport LT series red,Crucial,DDR4,32GB
Crucial Ballistix Sport LT series red,Crucial,DDR4,64GB
Crucial Ballistix Sport LT series red,Crucial,DDR4,64GB
"Crucial Ballistix Sport LT Series red, DDR4-2400, CL16 - 16 GB Kit",Crucial,DDR4,16GB
Crucial Ballistix Sport LT Series white,Crucial,DDR4,4GB
Crucial Ballistix Sport LT series white,Crucial,DDR4,8GB
Crucial Ballistix Sport LT series white,Crucial,DDR4,8GB
Crucial Ballistix Sport LT Series white,Crucial,DDR4,16GB
Crucial Ballistix Sport LT Series white,Crucial,DDR4,16GB
Crucial Ballistix Sport LT series white,Crucial,DDR4,16GB
Crucial Ballistix Sport LT series white,Crucial,DDR4,16GB
Crucial Ballistix Sport LT series white,Crucial,DDR4,16GB
Crucial Ballistix Sport LT series white,Crucial,DDR4,32GB
Crucial Ballistix Sport LT series white,Crucial,DDR4,32GB
Crucial Ballistix Sport LT series white,Crucial,DDR4,64GB
Crucial Ballistix Sport LT Series white DDR4-2400,Crucial,DDR4,8GB
Crucial Ballistix Sport LT Series white DDR4-2400,Crucial,DDR4,16GB
Crucial Ballistix Sport LT Series white DDR4-2400,Crucial,DDR4,32GB
Crucial Ballistix Sport LT white DDR4-2666 CL16,Ballistix,DDR4,8GB
"Crucial Ballistix Sport Series DDR4-2400, CL16 - 16 GB Kit",Crucial,DDR4,16GB
Crucial Ballistix Tactical Tracer RGB,Crucial,DDR4,64GB
Crucial Ballistix Tactical Tracer RGB,Crucial,DDR4,8GB
Crucial Ballistix Tactical Tracer RGB,Crucial,DDR4,32GB
Crucial Ballistix Tactical Tracer RGB,Crucial,DDR4,32GB
"Crucial Ballistix Tactical, DDR4-3000, CL15 - 8 GB Kit",Crucial,DDR4,8GB
Crucial DDR4-2133 CL15,Crucial,DDR4,32GB
Crucial DDR4-2133 CL15,Crucial,DDR4,8GB
Crucial DDR4-2133 CL15,Crucial,DDR4,16GB
Crucial DDR4-2133 CL15,Crucial,DDR4,16GB
Crucial DDR4-2133 CL15 Reg. ECC,Crucial,DDR4,32GB
Crucial DDR4-2133 CL15 Reg. ECC,Crucial,DDR4,16GB
Crucial DDR4-2133 CL15 Reg. ECC,Crucial,DDR4,8GB
Crucial DDR4-2133 CL15 Reg. ECC,Crucial,DDR4,8GB
Crucial DDR4-2133 CL15 Reg. ECC,Crucial,DDR4,16GB
Crucial DDR4-2133 CL15 U,Crucial,DDR4,16GB
Crucial Value Series DDR4-2133,Crucial,DDR4,64GB
Crucial Value Series DDR4-2400,Crucial,DDR4,4GB
"Crucial Value Series, DDR4-2133, CL15 - 32 GB Kit",Crucial,DDR4,32GB
G.Skill Aegis,G.Skill,DDR4,8GB
G.Skill Aegis,G.Skill,DDR4,16GB
G.Skill Aegis DDR4 DDR4-2133 16GB,G.Skill,DDR4,16GB
G.Skill Aegis DDR4 DDR4-2133 16GB,G.Skill,DDR4,16GB
G.Skill Aegis DDR4 DDR4-2133 32GB,G.Skill,DDR4,32GB
G.Skill Aegis DDR4 DDR4-2133 64GB,G.Skill,DDR4,64GB
G.Skill Aegis DDR4 DDR4-2133 8GB,G.Skill,DDR4,8GB
G.Skill Aegis DDR4 DDR4-2400 16GB,G.Skill,DDR4,16GB
G.Skill Aegis DDR4 DDR4-2400 16GB,G.Skill,DDR4,16GB
G.Skill Aegis DDR4 DDR4-2400 32GB,G.Skill,DDR4,32GB
G.Skill Aegis DDR4 DDR4-2400 64GB,G.Skill,DDR4,64GB
G.Skill Aegis DDR4 DDR4-2400 8GB,G.Skill,DDR4,8GB
G.Skill Aegis DDR4 DDR4-2800 16GB,G.Skill,DDR4,16GB
G.Skill Aegis DDR4 DDR4-2800 8GB,G.Skill,DDR4,8GB
G.Skill AEGIS Series,G.Skill,DDR4,32GB
G.Skill AEGIS Series,G.Skill,DDR4,8GB
G.Skill AEGIS Series,G.Skill,DDR4,16GB
G.Skill AEGIS Series,G.Skill,DDR4,16GB
G.Skill Aegis Series,G.Skill,DDR4,32GB
G.Skill Aegis Series,G.Skill,DDR4,16GB
G.Skill Flare X (for AMD) DDR4-2133 16GB,G.Skill,DDR4,16GB
G.Skill Flare X (for AMD) DDR4-2133 32GB,G.Skill,DDR4,32GB
G.Skill Flare X (for AMD) DDR4-2133 32GB,G.Skill,DDR4,32GB
G.Skill Flare X (for AMD) DDR4-2133 32GB,G.Skill,DDR4,32GB
G.Skill Flare X (for AMD) DDR4-2133 32GB,G.Skill,DDR4,32GB
G.Skill Flare X (for AMD) DDR4-2400 16GB,G.Skill,DDR4,16GB
G.Skill Flare X (for AMD) DDR4-2400 16GB,G.Skill,DDR4,16GB
G.Skill Flare X (for AMD) DDR4-2400 16GB,G.Skill,DDR4,16GB
G.Skill Flare X (for AMD) DDR4-2400 16GB,G.Skill,DDR4,16GB
G.Skill Flare X (for AMD) DDR4-2400 32GB,G.Skill,DDR4,32GB
G.Skill Flare X (for AMD) DDR4-2400 32GB,G.Skill,DDR4,32GB
G.Skill Flare X (for AMD) DDR4-2400 32GB,G.Skill,DDR4,32GB
G.Skill Flare X (for AMD) DDR4-2400 32GB,G.Skill,DDR4,32GB
G.Skill Flare X (for AMD) DDR4-2400 64GB,G.Skill,DDR4,64GB
G.Skill Flare X Series,G.Skill,DDR4,32GB
G.Skill Flare X Series,G.Skill,DDR4,64GB
G.Skill Flare X Series,G.Skill,DDR4,32GB
"G.Skill Flare X Series red, DDR4-2400 für Ryzen, CL 15 - 32 GB Quad-Kit",G.Skill,DDR4,32GB
"G.Skill Flare X Series red, DDR4-2400 für Ryzen, CL 15 - 64 GB Quad-Kit",G.Skill,DDR4,64GB
"G.Skill Flare X Series red, DDR4-2400 für Ryzen, CL 16 - 32 GB Dual-Kit",G.Skill,DDR4,32GB
"G.Skill Flare X Series red, DDR4-2400 für Ryzen, CL 16 - 64 GB Quad-Kit",G.Skill,DDR4,64GB
G.Skill Flare X Series black,G.Skill,DDR4,32GB
G.Skill FORTIS (for AMD) DDR4-2133 32GB,G.Skill,DDR4,32GB
G.Skill FORTIS (for AMD) DDR4-2400 16GB,G.Skill,DDR4,16GB
G.Skill FORTIS (for AMD) DDR4-2400 32GB,G.Skill,DDR4,32GB
G.Skill FORTIS (for AMD) DDR4-2400 32GB,G.Skill,DDR4,32GB
G.Skill FORTIS (for AMD) DDR4-2400 64GB,G.Skill,DDR4,64GB
G.Skill Fortis Series,G.Skill,DDR4,16GB
G.Skill Fortis Series,G.Skill,DDR4,64GB
"G.Skill Fortis Series black, DDR4-2400 für Ryzen, CL 15 - 32 GB Dual-Kit",G.Skill,DDR4,32GB
"G.Skill Fortis Series black, DDR4-2400 für Ryzen, CL 16 - 32 GB Quad-Kit",G.Skill,DDR4,32GB
G.Skill Ripjaws 4 blue DDR4-3000 CL15,G. Skill,DDR4,16GB
G.Skill Ripjaws 4 DDR4-2133 16GB,G.Skill,DDR4,16GB
G.Skill Ripjaws 4 DDR4-2133 16GB,G.Skill,DDR4,16GB
G.Skill Ripjaws 4 DDR4-2133 32GB,G.Skill,DDR4,32GB
G.Skill Ripjaws 4 DDR4-2133 32GB,G.Skill,DDR4,32GB
G.Skill Ripjaws 4 DDR4-2133 64GB,G.Skill,DDR4,64GB
G.Skill Ripjaws 4 DDR4-2133 64GB,G.Skill,DDR4,64GB
G.Skill Ripjaws 4 DDR4-2133 8GB,G.Skill,DDR4,8GB
G.Skill Ripjaws 4 DDR4-2133 CL15,G. Skill,DDR4,16GB
G.Skill Ripjaws 4 DDR4-2133 CL15,G. Skill,DDR4,64GB
G.Skill Ripjaws 4 DDR4-2133 CL15,G. Skill,DDR4,32GB
G.Skill Ripjaws 4 DDR4-2133 CL15,G. Skill,DDR4,64GB
G.Skill Ripjaws 4 DDR4-2133 CL15,G. Skill,DDR4,32GB
G.Skill Ripjaws 4 DDR4-2133 CL15,G. Skill,DDR4,16GB
G.Skill Ripjaws 4 DDR4-2133 CL15,G. Skill,DDR4,8GB
G.Skill Ripjaws 4 DDR4-2400 128GB,G.Skill,DDR4,128GB+
G.Skill Ripjaws 4 DDR4-2400 16GB,G.Skill,DDR4,16GB
G.Skill Ripjaws 4 DDR4-2400 16GB,G.Skill,DDR4,16GB
G.Skill Ripjaws 4 DDR4-2400 16GB,G.Skill,DDR4,16GB
G.Skill Ripjaws 4 DDR4-2400 16GB,G.Skill,DDR4,16GB
G.Skill Ripjaws 4 DDR4-2400 16GB,G.Skill,DDR4,16GB
G.Skill Ripjaws 4 DDR4-2400 32GB,G.Skill,DDR4,32GB
G.Skill Ripjaws 4 DDR4-2400 32GB,G.Skill,DDR4,32GB
G.Skill Ripjaws 4 DDR4-2400 32GB,G.Skill,DDR4,32GB
G.Skill Ripjaws 4 DDR4-2400 64GB,G.Skill,DDR4,64GB
G.Skill Ripjaws 4 DDR4-2400 8GB,G.Skill,DDR4,8GB
G.Skill Ripjaws 4 DDR4-2666 16GB,G.Skill,DDR4,16GB
G.Skill Ripjaws 4 DDR4-2666 16GB,G.Skill,DDR4,16GB
G.Skill Ripjaws 4 DDR4-2666 16GB,G.Skill,DDR4,16GB
G.Skill Ripjaws 4 DDR4-2666 32GB,G.Skill,DDR4,32GB
G.Skill Ripjaws 4 DDR4-2666 32GB,G.Skill,DDR4,32GB
G.Skill Ripjaws 4 DDR4-2666 32GB,G.Skill,DDR4,32GB
G.Skill Ripjaws 4 DDR4-2666 64GB,G.Skill,DDR4,64GB
G.Skill Ripjaws 4 DDR4-2666 8GB,G.Skill,DDR4,8GB
G.Skill Ripjaws 4 DDR4-2800 128GB,G.Skill,DDR4,128GB+
G.Skill Ripjaws 4 DDR4-2800 16GB,G.Skill,DDR4,16GB
G.Skill Ripjaws 4 DDR4-2800 16GB,G.Skill,DDR4,16GB
G.Skill Ripjaws 4 DDR4-2800 32GB,G.Skill,DDR4,32GB
G.Skill Ripjaws 4 DDR4-2800 32GB,G.Skill,DDR4,32GB
G.Skill Ripjaws 4 DDR4-2800 64GB,G.Skill,DDR4,64GB
G.Skill Ripjaws 4 DDR4-2800 8GB,G.Skill,DDR4,8GB
G.Skill Ripjaws 4 DDR4-3000 16GB,G.Skill,DDR4,16GB
G.Skill Ripjaws 4 DDR4-3000 16GB,G.Skill,DDR4,16GB
G.Skill Ripjaws 4 DDR4-3000 16GB,G.Skill,DDR4,16GB
G.Skill Ripjaws 4 DDR4-3000 16GB,G.Skill,DDR4,16GB
G.Skill Ripjaws 4 DDR4-3000 32GB,G.Skill,DDR4,32GB
G.Skill Ripjaws 4 DDR4-3000 32GB,G.Skill,DDR4,32GB
G.Skill Ripjaws 4 DDR4-3000 32GB,G.Skill,DDR4,32GB
G.Skill Ripjaws 4 DDR4-3000 8GB,G.Skill,DDR4,8GB
G.Skill Ripjaws 4 DDR4-3000 8GB,G.Skill,DDR4,8GB
G.Skill Ripjaws 4 DDR4-3000 CL15,G. Skill,DDR4,16GB
G.Skill Ripjaws 4 DDR4-3000 CL15,G. Skill,DDR4,16GB
G.Skill Ripjaws 4 DDR4-3000 CL15,G. Skill,DDR4,16GB
G.Skill Ripjaws 4 DDR4-3200 8GB,G.Skill,DDR4,8GB
G.Skill Ripjaws 4 DDR4-3200 8GB,G.Skill,DDR4,8GB
G.Skill Ripjaws 4 DDR4-3300 16GB,G.Skill,DDR4,16GB
G.Skill Ripjaws 4 DDR4-3300 16GB,G.Skill,DDR4,16GB
G.Skill Ripjaws 4 DDR4-3333 16GB,G.Skill,DDR4,16GB
G.Skill Ripjaws 4 DDR4-3400 16GB,G.Skill,DDR4,16GB
"G.Skill RipJaws 4 Series, DDR4-3200, CL16 - 16 GB Kit",G.Skill,DDR4,16GB
G.Skill RipJaws V,G.Skill,DDR4,128GB+
G.Skill Ripjaws V,G.Skill,DDR4,64GB
G.Skill Ripjaws V,G.Skill,DDR4,128GB+
G.Skill RipJaws V,G.Skill,DDR4,128GB+
G.Skill Ripjaws V,G.Skill,DDR4,64GB
G.Skill Ripjaws V,G.Skill,DDR4,32GB
G.Skill RipJaws V,G.Skill,DDR4,32GB
G.Skill RipJaws V,G.Skill,DDR4,16GB
G.Skill RipJaws V,G.Skill,DDR4,64GB
G.Skill Ripjaws V DDR4-2133 32GB,G.Skill,DDR4,32GB
G.Skill Ripjaws V DDR4-2133 32GB,G.Skill,DDR4,32GB
G.Skill Ripjaws V DDR4-2400 16GB,G.Skill,DDR4,16GB
G.Skill Ripjaws V DDR4-2400 16GB,G.Skill,DDR4,16GB
G.Skill Ripjaws V DDR4-2400 16GB,G.Skill,DDR4,16GB
G.Skill Ripjaws V DDR4-2400 16GB,G.Skill,DDR4,16GB
G.Skill Ripjaws V DDR4-2400 32GB,G.Skill,DDR4,32GB
G.Skill Ripjaws V DDR4-2400 32GB,G.Skill,DDR4,32GB
G.Skill Ripjaws V DDR4-2400 8GB,G.Skill,DDR4,8GB
G.Skill Ripjaws V DDR4-2666 16GB,G.Skill,DDR4,16GB
G.Skill Ripjaws V DDR4-2666 16GB,G.Skill,DDR4,16GB
G.Skill Ripjaws V DDR4-2666 16GB,G.Skill,DDR4,16GB
G.Skill Ripjaws V DDR4-2666 16GB,G.Skill,DDR4,16GB
G.Skill Ripjaws V DDR4-2666 32GB,G.Skill,DDR4,32GB
G.Skill Ripjaws V DDR4-2666 32GB,G.Skill,DDR4,32GB
G.Skill Ripjaws V DDR4-2666 64GB,G.Skill,DDR4,64GB
G.Skill Ripjaws V DDR4-2666 8GB,G.Skill,DDR4,8GB
G.Skill Ripjaws V DDR4-2800 16GB,G.Skill,DDR4,16GB
G.Skill Ripjaws V DDR4-2800 16GB,G.Skill,DDR4,16GB
G.Skill Ripjaws V DDR4-2800 16GB,G.Skill,DDR4,16GB
G.Skill Ripjaws V DDR4-2800 16GB,G.Skill,DDR4,16GB
G.Skill Ripjaws V DDR4-2800 16GB,G.Skill,DDR4,16GB
G.Skill Ripjaws V DDR4-2800 16GB,G.Skill,DDR4,16GB
G.Skill Ripjaws V DDR4-2800 16GB,G.Skill,DDR4,16GB
G.Skill Ripjaws V DDR4-2800 32GB,G.Skill,DDR4,32GB
G.Skill Ripjaws V DDR4-2800 32GB,G.Skill,DDR4,32GB
G.Skill Ripjaws V DDR4-2800 32GB,G.Skill,DDR4,32GB
G.Skill Ripjaws V DDR4-2800 32GB,G.Skill,DDR4,32GB
G.Skill Ripjaws V DDR4-2800 64GB,G.Skill,DDR4,64GB
G.Skill Ripjaws V DDR4-2800 64GB,G.Skill,DDR4,64GB
G.Skill Ripjaws V DDR4-2800 8GB,G.Skill,DDR4,8GB
G.Skill Ripjaws V DDR4-2800 8GB,G.Skill,DDR4,8GB
G.Skill Ripjaws V DDR4-2800 8GB,G.Skill,DDR4,8GB
G.Skill Ripjaws V DDR4-3000 128GB,G.Skill,DDR4,128GB+
G.Skill Ripjaws V DDR4-3000 128GB,G.Skill,DDR4,128GB+
G.Skill Ripjaws V DDR4-3000 16GB,G.Skill,DDR4,16GB
G.Skill Ripjaws V DDR4-3000 16GB,G.Skill,DDR4,16GB
G.Skill Ripjaws V DDR4-3000 16GB,G.Skill,DDR4,16GB
G.Skill Ripjaws V DDR4-3000 16GB,G.Skill,DDR4,16GB
G.Skill Ripjaws V DDR4-3000 16GB,G.Skill,DDR4,16GB
G.Skill Ripjaws V DDR4-3000 16GB,G.Skill,DDR4,16GB
G.Skill Ripjaws V DDR4-3000 16GB,G.Skill,DDR4,16GB
G.Skill Ripjaws V DDR4-3000 16GB,G.Skill,DDR4,16GB
G.Skill Ripjaws V DDR4-3000 16GB,G.Skill,DDR4,16GB
G.Skill Ripjaws V DDR4-3000 32GB,G.Skill,DDR4,32GB
G.Skill Ripjaws V DDR4-3000 32GB,G.Skill,DDR4,32GB
G.Skill Ripjaws V DDR4-3000 32GB,G.Skill,DDR4,32GB
G.Skill Ripjaws V DDR4-3000 32GB,G.Skill,DDR4,32GB
G.Skill Ripjaws V DDR4-3000 32GB,G.Skill,DDR4,32GB
G.Skill Ripjaws V DDR4-3000 32GB,G.Skill,DDR4,32GB
G.Skill Ripjaws V DDR4-3000 64GB,G.Skill,DDR4,64GB
G.Skill Ripjaws V DDR4-3000 64GB,G.Skill,DDR4,64GB
G.Skill Ripjaws V DDR4-3000 64GB,G.Skill,DDR4,64GB
G.Skill Ripjaws V DDR4-3000 64GB,G.Skill,DDR4,64GB
G.Skill Ripjaws V DDR4-3000 64GB,G.Skill,DDR4,64GB
G.Skill Ripjaws V DDR4-3000 8GB,G.Skill,DDR4,8GB
G.Skill Ripjaws V DDR4-3000 8GB,G.Skill,DDR4,8GB
G.Skill Ripjaws V DDR4-3200 16GB,G.Skill,DDR4,16GB
G.Skill Ripjaws V DDR4-3200 16GB,G.Skill,DDR4,16GB
G.Skill Ripjaws V DDR4-3200 16GB,G.Skill,DDR4,16GB
G.Skill Ripjaws V DDR4-3200 32GB,G.Skill,DDR4,32GB
G.Skill Ripjaws V DDR4-3200 32GB,G.Skill,DDR4,32GB
G.Skill Ripjaws V DDR4-3200 32GB,G.Skill,DDR4,32GB
G.Skill Ripjaws V DDR4-3200 32GB,G.Skill,DDR4,32GB
G.Skill Ripjaws V DDR4-3200 32GB,G.Skill,DDR4,32GB
G.Skill Ripjaws V DDR4-3200 64GB,G.Skill,DDR4,64GB
G.Skill Ripjaws V DDR4-3200 64GB,G.Skill,DDR4,64GB
G.Skill Ripjaws V DDR4-3200 64GB,G.Skill,DDR4,64GB
G.Skill Ripjaws V DDR4-3200 64GB,G.Skill,DDR4,64GB
G.Skill Ripjaws V DDR4-3200 8GB,G.Skill,DDR4,8GB
G.Skill Ripjaws V DDR4-3333 16GB,G.Skill,DDR4,16GB
G.Skill Ripjaws V DDR4-3333 16GB,G.Skill,DDR4,16GB
G.Skill Ripjaws V DDR4-3333 32GB,G.Skill,DDR4,32GB
G.Skill Ripjaws V DDR4-3333 32GB,G.Skill,DDR4,32GB
G.Skill Ripjaws V DDR4-3333 32GB,G.Skill,DDR4,32GB
G.Skill Ripjaws V DDR4-3333 64GB,G.Skill,DDR4,64GB
G.Skill Ripjaws V DDR4-3333 64GB,G.Skill,DDR4,64GB
G.Skill Ripjaws V DDR4-3400 32GB,G.Skill,DDR4,32GB
G.Skill Ripjaws V DDR4-3400 64GB,G.Skill,DDR4,64GB
G.Skill Ripjaws V DDR4-3466 16GB,G.Skill,DDR4,16GB
G.Skill Ripjaws V DDR4-3466 32GB,G.Skill,DDR4,32GB
G.Skill Ripjaws V DDR4-3466 32GB,G.Skill,DDR4,32GB
G.Skill Ripjaws V DDR4-3466 8GB,G.Skill,DDR4,8GB
G.Skill Ripjaws V DDR4-3600 16GB,G.Skill,DDR4,16GB
G.Skill Ripjaws V DDR4-3600 32GB,G.Skill,DDR4,32GB
G.Skill Ripjaws V DDR4-3600 8GB,G.Skill,DDR4,8GB
G.Skill Ripjaws V DDR4-3733 8GB,G.Skill,DDR4,8GB
G.Skill Ripjaws V DDR4-3866 8GB,G.Skill,DDR4,8GB
G.Skill Ripjaws V DDR4-4000 8GB,G.Skill,DDR4,8GB
G.Skill RipJaws V Series,G.Skill,DDR4,32GB
G.Skill RipJaws V Series,G.Skill,DDR4,128GB+
G.Skill RipJaws V Series,G.Skill,DDR4,128GB+
G.Skill RipJaws V Series,G.Skill,DDR4,64GB
G.Skill RipJaws V Series,G.Skill,DDR4,32GB
G.Skill RipJaws V Series,G.Skill,DDR4,32GB
G.Skill RipJaws V Series black,G.Skill,DDR4,16GB
G.Skill Sniper X Series,G.Skill,DDR4,64GB
G.Skill Sniper X Series,G.Skill,DDR4,64GB
G.Skill Sniper X Series,G.Skill,DDR4,32GB
G.Skill Sniper X Series,G.Skill,DDR4,32GB
G.Skill Sniper X Series,G.Skill,DDR4,32GB
G.Skill Trident Z,G.Skill,DDR4,32GB
G.Skill Trident Z DDR4-2800 32GB,G.Skill,DDR4,32GB
G.Skill Trident Z DDR4-2800 8GB,G.Skill,DDR4,8GB
G.Skill Trident Z DDR4-2800 CL14,G. Skill,DDR4,32GB
G.Skill Trident Z DDR4-2800 CL15,G. Skill,DDR4,16GB
G.Skill Trident Z DDR4-3000 16GB,G.Skill,DDR4,16GB
G.Skill Trident Z DDR4-3000 16GB,G.Skill,DDR4,16GB
G.Skill Trident Z DDR4-3000 32GB,G.Skill,DDR4,32GB
G.Skill Trident Z DDR4-3000 64GB,G.Skill,DDR4,64GB
G.Skill Trident Z DDR4-3000 8GB,G.Skill,DDR4,8GB
G.Skill Trident Z DDR4-3000 CL15,G. Skill,DDR4,32GB
G.Skill Trident Z DDR4-3000 CL15,G. Skill,DDR4,8GB
G.Skill Trident Z DDR4-3200 128GB,G.Skill,DDR4,128GB+
G.Skill Trident Z DDR4-3200 128GB,G.Skill,DDR4,128GB+
G.Skill Trident Z DDR4-3200 128GB,G.Skill,DDR4,128GB+
G.Skill Trident Z DDR4-3200 128GB,G.Skill,DDR4,128GB+
G.Skill Trident Z DDR4-3200 128GB,G.Skill,DDR4,128GB+
G.Skill Trident Z DDR4-3200 128GB,G.Skill,DDR4,128GB+
G.Skill Trident Z DDR4-3200 16GB,G.Skill,DDR4,16GB
G.Skill Trident Z DDR4-3200 32GB,G.Skill,DDR4,32GB
G.Skill Trident Z DDR4-3200 32GB,G.Skill,DDR4,32GB
G.Skill Trident Z DDR4-3200 32GB,G.Skill,DDR4,32GB
G.Skill Trident Z DDR4-3200 32GB,G.Skill,DDR4,32GB
G.Skill Trident Z DDR4-3200 32GB,G.Skill,DDR4,32GB
G.Skill Trident Z DDR4-3200 32GB,G.Skill,DDR4,32GB
G.Skill Trident Z DDR4-3200 32GB,G.Skill,DDR4,32GB
G.Skill Trident Z DDR4-3200 32GB,G.Skill,DDR4,32GB
G.Skill Trident Z DDR4-3200 32GB,G.Skill,DDR4,32GB
G.Skill Trident Z DDR4-3200 32GB,G.Skill,DDR4,32GB
G.Skill Trident Z DDR4-3200 32GB,G.Skill,DDR4,32GB
G.Skill Trident Z DDR4-3200 64GB,G.Skill,DDR4,64GB
G.Skill Trident Z DDR4-3200 64GB,G.Skill,DDR4,64GB
G.Skill Trident Z DDR4-3200 64GB,G.Skill,DDR4,64GB
G.Skill Trident Z DDR4-3200 64GB,G.Skill,DDR4,64GB
G.Skill Trident Z DDR4-3200 64GB,G.Skill,DDR4,64GB
G.Skill Trident Z DDR4-3200 64GB,G.Skill,DDR4,64GB
G.Skill Trident Z DDR4-3200 64GB,G.Skill,DDR4,64GB
G.Skill Trident Z DDR4-3200 64GB,G.Skill,DDR4,64GB
G.Skill Trident Z DDR4-3200 64GB,G.Skill,DDR4,64GB
G.Skill Trident Z DDR4-3200 64GB,G.Skill,DDR4,64GB
G.Skill Trident Z DDR4-3200 64GB,G.Skill,DDR4,64GB
G.Skill Trident Z DDR4-3200 8GB,G.Skill,DDR4,8GB
G.Skill Trident Z DDR4-3200 CL16,G. Skill,DDR4,32GB
G.Skill Trident Z DDR4-3200 CL16,G. Skill,DDR4,8GB
G.Skill Trident Z DDR4-3300 128GB,G.Skill,DDR4,128GB+
G.Skill Trident Z DDR4-3300 32GB,G.Skill,DDR4,32GB
G.Skill Trident Z DDR4-3300 32GB,G.Skill,DDR4,32GB
G.Skill Trident Z DDR4-3300 32GB,G.Skill,DDR4,32GB
G.Skill Trident Z DDR4-3300 64GB,G.Skill,DDR4,64GB
G.Skill Trident Z DDR4-3300 64GB,G.Skill,DDR4,64GB
G.Skill Trident Z DDR4-3300 64GB,G.Skill,DDR4,64GB
G.Skill Trident Z DDR4-3300 64GB,G.Skill,DDR4,64GB
G.Skill Trident Z DDR4-3300 64GB,G.Skill,DDR4,64GB
G.Skill Trident Z DDR4-3300 64GB,G.Skill,DDR4,64GB
G.Skill Trident Z DDR4-3333 128GB,G.Skill,DDR4,128GB+
G.Skill Trident Z DDR4-3333 16GB,G.Skill,DDR4,16GB
G.Skill Trident Z DDR4-3333 16GB,G.Skill,DDR4,16GB
G.Skill Trident Z DDR4-3333 16GB,G.Skill,DDR4,16GB
G.Skill Trident Z DDR4-3333 16GB,G.Skill,DDR4,16GB
G.Skill Trident Z DDR4-3333 16GB,G.Skill,DDR4,16GB
G.Skill Trident Z DDR4-3333 32GB,G.Skill,DDR4,32GB
G.Skill Trident Z DDR4-3333 32GB,G.Skill,DDR4,32GB
G.Skill Trident Z DDR4-3333 32GB,G.Skill,DDR4,32GB
G.Skill Trident Z DDR4-3333 32GB,G.Skill,DDR4,32GB
G.Skill Trident Z DDR4-3333 32GB,G.Skill,DDR4,32GB
G.Skill Trident Z DDR4-3333 32GB,G.Skill,DDR4,32GB
G.Skill Trident Z DDR4-3333 32GB,G.Skill,DDR4,32GB
G.Skill Trident Z DDR4-3333 64GB,G.Skill,DDR4,64GB
G.Skill Trident Z DDR4-3333 64GB,G.Skill,DDR4,64GB
G.Skill Trident Z DDR4-3333 64GB,G.Skill,DDR4,64GB
G.Skill Trident Z DDR4-3400 16GB,G.Skill,DDR4,16GB
G.Skill Trident Z DDR4-3400 32GB,G.Skill,DDR4,32GB
G.Skill Trident Z DDR4-3400 32GB,G.Skill,DDR4,32GB
G.Skill Trident Z DDR4-3400 32GB,G.Skill,DDR4,32GB
G.Skill Trident Z DDR4-3400 64GB,G.Skill,DDR4,64GB
G.Skill Trident Z DDR4-3400 CL16,G. Skill,DDR4,32GB
G.Skill Trident Z DDR4-3466 16GB,G.Skill,DDR4,16GB
G.Skill Trident Z DDR4-3466 32GB,G.Skill,DDR4,32GB
G.Skill Trident Z DDR4-3466 32GB,G.Skill,DDR4,32GB
G.Skill Trident Z DDR4-3466 32GB,G.Skill,DDR4,32GB
G.Skill Trident Z DDR4-3466 64GB,G.Skill,DDR4,64GB
G.Skill Trident Z DDR4-3466 64GB,G.Skill,DDR4,64GB
G.Skill Trident Z DDR4-3466 64GB,G.Skill,DDR4,64GB
G.Skill Trident Z DDR4-3466 64GB,G.Skill,DDR4,64GB
G.Skill Trident Z DDR4-3466 64GB,G.Skill,DDR4,64GB
G.Skill Trident Z DDR4-3600 16GB,G.Skill,DDR4,16GB
G.Skill Trident Z DDR4-3600 32GB,G.Skill,DDR4,32GB
G.Skill Trident Z DDR4-3600 64GB,G.Skill,DDR4,64GB
G.Skill Trident Z DDR4-3600 64GB,G.Skill,DDR4,64GB
G.Skill Trident Z DDR4-3600 64GB,G.Skill,DDR4,64GB
G.Skill Trident Z DDR4-3600 8GB,G.Skill,DDR4,8GB
G.Skill Trident Z DDR4-3733 16GB,G.Skill,DDR4,16GB
G.Skill Trident Z DDR4-3733 16GB,G.Skill,DDR4,16GB
G.Skill Trident Z DDR4-3733 16GB,G.Skill,DDR4,16GB
G.Skill Trident Z DDR4-3733 8GB,G.Skill,DDR4,8GB
G.Skill Trident Z DDR4-3866 16GB,G.Skill,DDR4,16GB
G.Skill Trident Z DDR4-3866 16GB,G.Skill,DDR4,16GB
G.Skill Trident Z DDR4-3866 16GB,G.Skill,DDR4,16GB
G.Skill Trident Z DDR4-3866 16GB,G.Skill,DDR4,16GB
G.Skill Trident Z DDR4-3866 32GB,G.Skill,DDR4,32GB
G.Skill Trident Z DDR4-3866 32GB,G.Skill,DDR4,32GB
G.Skill Trident Z DDR4-3866 32GB,G.Skill,DDR4,32GB
G.Skill Trident Z DDR4-3866 8GB,G.Skill,DDR4,8GB
G.Skill Trident Z DDR4-4000 16GB,G.Skill,DDR4,16GB
G.Skill Trident Z DDR4-4000 16GB,G.Skill,DDR4,16GB
G.Skill Trident Z DDR4-4000 16GB,G.Skill,DDR4,16GB
G.Skill Trident Z DDR4-4000 16GB,G.Skill,DDR4,16GB
G.Skill Trident Z DDR4-4000 16GB,G.Skill,DDR4,16GB
G.Skill Trident Z DDR4-4000 16GB,G.Skill,DDR4,16GB
G.Skill Trident Z DDR4-4000 32GB,G.Skill,DDR4,32GB
G.Skill Trident Z DDR4-4000 32GB,G.Skill,DDR4,32GB
G.Skill Trident Z DDR4-4000 32GB,G.Skill,DDR4,32GB
G.Skill Trident Z DDR4-4000 8GB,G.Skill,DDR4,8GB
G.Skill Trident Z DDR4-4133 16GB,G.Skill,DDR4,16GB
G.Skill Trident Z DDR4-4133 16GB,G.Skill,DDR4,16GB
G.Skill Trident Z DDR4-4133 16GB,G.Skill,DDR4,16GB
G.Skill Trident Z DDR4-4133 16GB,G.Skill,DDR4,16GB
G.Skill Trident Z DDR4-4133 8GB,G.Skill,DDR4,8GB
G.Skill Trident Z DDR4-4266 16GB,G.Skill,DDR4,16GB
G.Skill Trident Z DDR4-4266 16GB,G.Skill,DDR4,16GB
G.Skill Trident Z DDR4-4266 16GB,G.Skill,DDR4,16GB
G.Skill Trident Z DDR4-4266 8GB,G.Skill,DDR4,8GB
G.Skill Trident Z Neo,G.Skill,DDR4,64GB
G.Skill Trident Z Neo,G.Skill,DDR4,32GB
G.Skill Trident Z Neo,G.Skill,DDR4,64GB
G.Skill Trident Z Neo Series,G.Skill,DDR4,64GB
G.Skill Trident Z Neo Series,G.Skill,DDR4,64GB
G.Skill Trident Z Neo Series,G.Skill,DDR4,32GB
G.Skill Trident Z Neo Series,G.Skill,DDR4,64GB
G.Skill Trident Z Neo Series,G.Skill,DDR4,32GB
G.Skill Trident Z Neo Series,G.Skill,DDR4,32GB
G.Skill Trident Z Neo Series,G.Skill,DDR4,32GB
G.Skill Trident Z Neo Series,G.Skill,DDR4,16GB
G.Skill Trident Z Neo Series,G.Skill,DDR4,64GB
G.Skill Trident Z Neo Series,G.Skill,DDR4,16GB
G.Skill Trident Z Neo Series,G.Skill,DDR4,32GB
G.Skill Trident Z Neo Series,G.Skill,DDR4,32GB
G.Skill Trident Z Neo Series,G.Skill,DDR4,64GB
G.Skill Trident Z Neo Series,G.Skill,DDR4,64GB
G.Skill Trident Z Neo Series,G.Skill,DDR4,64GB
G.Skill Trident Z RGB,G.Skill,DDR4,128GB+
G.Skill Trident Z RGB,G.Skill,DDR4,64GB
G.Skill Trident Z RGB,G.Skill,DDR4,64GB
G.Skill Trident Z RGB,G.Skill,DDR4,32GB
G.Skill Trident Z RGB,G.Skill,DDR4,32GB
G.Skill Trident Z RGB,G.Skill,DDR4,64GB
G.Skill Trident Z RGB,G.Skill,DDR4,128GB+
G.Skill Trident Z RGB DDR4-2400 16GB,G.Skill,DDR4,16GB
G.Skill Trident Z RGB DDR4-2400 32GB,G.Skill,DDR4,32GB
G.Skill Trident Z RGB DDR4-2400 64GB,G.Skill,DDR4,64GB
G.Skill Trident Z RGB DDR4-3000 16GB,G.Skill,DDR4,16GB
G.Skill Trident Z RGB DDR4-3000 16GB,G.Skill,DDR4,16GB
G.Skill Trident Z RGB DDR4-3000 32GB,G.Skill,DDR4,32GB
G.Skill Trident Z RGB DDR4-3000 32GB,G.Skill,DDR4,32GB
G.Skill Trident Z RGB DDR4-3200 32GB,G.Skill,DDR4,32GB
G.Skill Trident Z RGB DDR4-3466 32GB,G.Skill,DDR4,32GB
G.Skill Trident Z RGB DDR4-3600 32GB,G.Skill,DDR4,32GB
G.Skill Trident Z RGB DDR4-3600 32GB,G.Skill,DDR4,32GB
G.Skill Trident Z RGB DDR4-3866 16GB,G.Skill,DDR4,16GB
G.Skill Trident Z RGB DDR4-4000 16GB,G.Skill,DDR4,16GB
G.Skill Trident Z RGB DDR4-4266 16GB,G.Skill,DDR4,16GB
G.Skill Trident Z RGB Series,G.Skill,DDR4,32GB
G.Skill Trident Z RGB Series,G.Skill,DDR4,32GB
G.Skill Trident Z RGB Series,G.Skill,DDR4,64GB
G.Skill Trident Z RGB Series,G.Skill,DDR4,32GB
G.Skill Trident Z RGB Series,G.Skill,DDR4,32GB
G.Skill Trident Z RGB Series,G.Skill,DDR4,32GB
G.Skill Trident Z RGB Series,G.Skill,DDR4,32GB
G.Skill Trident Z RGB Series,G.Skill,DDR4,16GB
G.Skill Trident Z RGB Series,G.Skill,DDR4,64GB
G.Skill Trident Z RGB Series,G.Skill,DDR4,16GB
G.Skill Trident Z RGB Series für AMD Ryzen,G.Skill,DDR4,32GB
G.Skill Trident Z RGB Series für AMD Ryzen,G.Skill,DDR4,16GB
G.Skill Trident Z RGB Series für AMD Ryzen,G.Skill,DDR4,16GB
G.Skill Trident Z RGB Series für AMD Ryzen,G.Skill,DDR4,32GB
G.Skill Trident Z RGB Series für AMD Ryzen,G.Skill,DDR4,32GB
G.Skill Trident Z RGB Series für AMD Ryzen,G.Skill,DDR4,32GB
G.Skill Trident Z RGB Series für AMD Ryzen,G.Skill,DDR4,16GB
G.Skill Trident Z RGB Series für AMD Ryzen,G.Skill,DDR4,64GB
G.Skill Trident Z RGB Series für AMD Ryzen,G.Skill,DDR4,32GB
G.Skill Trident Z RGB Series für AMD Ryzen,G.Skill,DDR4,64GB
G.Skill Trident Z Royal,G.Skill,DDR4,128GB+
G.Skill Trident Z Royal,G.Skill,DDR4,64GB
G.Skill Trident Z Royal,G.Skill,DDR4,32GB
G.Skill Trident Z Royal,G.Skill,DDR4,64GB
G.Skill Trident Z Royal,G.Skill,DDR4,128GB+
G.Skill Trident Z Royal,G.Skill,DDR4,64GB
G.Skill Trident Z Royal,G.Skill,DDR4,32GB
G.Skill Trident Z Royal,G.Skill,DDR4,64GB
G.Skill Trident Z Royal,G.Skill,DDR4,32GB
G.Skill Trident Z Royal Series gold,G.Skill,DDR4,16GB
G.Skill Trident Z Royal Series gold,G.Skill,DDR4,16GB
G.Skill Trident Z Royal Series gold,G.Skill,DDR4,16GB
G.Skill Trident Z Royal Series silver,G.Skill,DDR4,16GB
G.Skill Trident Z Royal Series silver,G.Skill,DDR4,16GB
G.Skill Trident Z Royal Series silver,G.Skill,DDR4,16GB
G.Skill Trident Z Series silver/red,G.Skill,DDR4,16GB
G.Skill Trident Z Series silver/red,G.Skill,DDR4,32GB
G.Skill Trident Z Series silver/red,G.Skill,DDR4,16GB
G.Skill Trident Z5 RGB,G.Skill,DDR5,32GB
G.Skill Trident Z5 RGB,G.Skill,DDR5,32GB
G.Skill Trident Z5 RGB,G.Skill,DDR5,64GB
G.Skill Trident Z5 RGB,G.Skill,DDR5,32GB
G.Skill Trident Z5 RGB,G.Skill,DDR5,32GB
G.Skill Trident Z5 RGB,G.Skill,DDR5,64GB
G.Skill Trident Z5 RGB,G.Skill,DDR5,64GB
G.Skill Trident Z5 RGB,G.Skill,DDR5,64GB
G.Skill Trident Z5 RGB,G.Skill,DDR5,64GB
G.Skill Trident Z5 RGB,G.Skill,DDR5,64GB
G.Skill Value DDR4-2133 4GB,G.Skill,DDR4,4GB
G.Skill Value DDR4-2400 16GB,G.Skill,DDR4,16GB
G.Skill Value DDR4-2400 32GB,G.Skill,DDR4,32GB
G.Skill Value Series,G.Skill,DDR4,8GB
G.Skill Value Series,G.Skill,DDR4,16GB
G.Skill Value Series,G.Skill,DDR4,8GB
G.Skill Value Series,G.Skill,DDR4,4GB
G.Skill Value Series,G.Skill,DDR4,16GB
G.Skill Value Series,G.Skill,DDR4,8GB
G.Skill Value Series,G.Skill,DDR4,8GB
G.Skill Value Series,G.Skill,DDR4,16GB
Gigabyte Aorus RGB Memory,Gigabyte,DDR4,16GB
Gigabyte Aorus RGB Memory,Gigabyte,DDR4,16GB
Gigabyte Aorus RGB Memory,Gigabyte,DDR4,16GB
Gigabyte Memory,Gigabyte,DDR4,16GB
Gigabyte Memory,Gigabyte,DDR4,16GB
HyperX Fury black DDR4-2400 CL15,HyperX,DDR4,16GB
"HyperX Fury Series, DDR4-2133, CL14 - 16 GB Kit",HyperX,DDR4,16GB
"HyperX Fury Series, DDR4-2133, CL14 - 8 GB Kit",HyperX,DDR4,8GB
"HyperX Fury Series, DDR4-2666, CL15 - 8 GB Kit",HyperX,DDR4,8GB
HyperX Predator DDR4-3000 CL15,HyperX,DDR4,8GB
HyperX Predator DDR4-3000 CL15,HyperX,DDR4,16GB
HyperX Predator DDR4-3000 CL15,HyperX,DDR4,16GB
HyperX Predator DDR4-3200 CL16,HyperX,DDR4,8GB
HyperX Predator DDR4-3200 CL16,HyperX,DDR4,16GB
HyperX Predator DDR4-3200 CL16,HyperX,DDR4,32GB
HyperX Savage black DDR4-2133 CL13,HyperX,DDR4,32GB
HyperX Savage black DDR4-2133 CL13,HyperX,DDR4,8GB
HyperX Savage black DDR4-2133 CL13,HyperX,DDR4,16GB
HyperX Savage black DDR4-2133 CL13,HyperX,DDR4,16GB
HyperX Savage black DDR4-2400 CL12 XMP,HyperX,DDR4,16GB
INNO3D iChill Memory,INNO3D,DDR4,16GB
Intenso Desktop Pro DDR4-2133 CL15,Intenso,DDR4,16GB
Intenso Desktop Pro DDR4-2133 CL15,Intenso,DDR4,8GB
"Kingston Branded DDR4-2133 CL15, 1,2 V Systemspeicher",Kingston,DDR4,8GB
"Kingston Branded DDR4-2133 CL15, 1,2 V Systemspeicher",Kingston,DDR4,4GB
Kingston DDR4-2133 CL15 reg ECC - Lenovo branded,Kingston,DDR4,8GB
"Kingston DDR4-2133 ECC - Dell branded PowerEdge R230, R330, T130, T330",Kingston,DDR4,8GB
Kingston DDR4-2133 reg ECC - Dell branded,Kingston,DDR4,16GB
Kingston DDR4-2133 reg ECC - Dell branded,Kingston,DDR4,8GB
Kingston DDR4-2133 reg ECC - Dell branded,Kingston,DDR4,32GB
Kingston DDR4-2400 CL17 reg ECC - HP branded,Kingston,DDR4,32GB
Kingston DDR4-2400 reg ECC - Dell branded,Kingston,DDR4,32GB
Kingston Fury Beast,Kingston,DDR4,16GB
Kingston Fury Beast,Kingston,DDR4,64GB
Kingston Fury Beast RGB,Kingston,DDR4,32GB
Kingston Fury Beast RGB,Kingston,DDR4,64GB
Kingston Fury Renegade,Kingston,DDR4,32GB
Kingston Fury Renegade,Kingston,DDR4,16GB
Kingston HyperX Predator,Kingston,DDR4,64GB
Kingston Server DIMM,Kingston,DDR4,16GB
"Kingston Server DIMM, ECC REG, DDR4-2133, CL15 - 32 GB Kit",Kingston,DDR4,32GB
Kingston Value DDR4-2133 CL15 reg. ECC,Kingston,DDR4,4GB
Kingston Value DDR4-2133 CL15 reg. ECC,Kingston,DDR4,8GB
Kingston Value DDR4-2133 CL15 reg. ECC,Kingston,DDR4,16GB
"Kingston Value DDR4-2133 CL15 ECC, registriert",Kingston,DDR4,8GB
Kingston Value DDR4-2400 CL17,Kingston,DDR4,4GB
Kingston Value DDR4-2133 CL15,Kingston,DDR4,8GB
Samsung DDR4-2666,SAMSUNG,DDR4,32GB
Samsung RDIMM,SAMSUNG,DDR4,16GB
Samsung RDIMM,SAMSUNG,DDR4,128GB+
Samsung RDIMM,SAMSUNG,DDR4,64GB
Samsung RDIMM,SAMSUNG,DDR4,32GB
Samsung RDIMM,SAMSUNG,DDR4,8GB
Samsung Server DIMM,SAMSUNG,DDR4,32GB
"Team Group Dark Pro ""8Pack Edition""",Team Group,DDR4,16GB
"Team Group Dark Pro ""8Pack Edition""",Team Group,DDR4,16GB
"Team Group Dark Pro Series grey, DDR4-3000, CL15 - 8 GB Kit",Team Group,DDR4,8GB
Team Group Dark Series black,Team Group,DDR4,16GB
"Team Group Dark Series black, DDR4-2800, CL16 - 32 GB Kit",Team Group,DDR4,32GB
Team Group Delta Series rote LED,Team Group,DDR4,32GB
Team Group Delta Series rote LED,Team Group,DDR4,32GB
Team Group Elite Plus Series black,Team Group,DDR4,16GB
Team Group Elite Plus Series black,Team Group,DDR4,32GB
Team Group Elite Plus Series black,Team Group,DDR4,8GB
Team Group Elite Plus Series black,Team Group,DDR4,16GB
Team Group Elite Plus Series black,Team Group,DDR4,8GB
"Team Group Elite Plus Series black, DDR4-2400, CL16 - 16 GB Kit",Team Group,DDR4,16GB
Team Group Elite Series black,Team Group,DDR4,16GB
"Team Group T-Force Dark grey, DDR4-3000, CL16 - 8 GB Kit",Team Group,DDR4,8GB
Team Group T-Force Dark ROG grey,Team Group,DDR4,16GB
"Team Group T-Force Dark ROG red, DDR4-3000, CL 16 - 16 GB Dual-Kit",Team Group,DDR4,16GB
"Team Group T-Force Dark red, DDR4-3000, CL16 - 8 GB Kit",Team Group,DDR4,8GB
Team Group T-Force Nighthawk,Team Group,DDR4,16GB
Team Group T-Force Nighthawk,Team Group,DDR4,16GB
"Team Group T-Force Nighthawk, blaue LED, DDR4-3000, CL16 - 32 GB Kit",Team Group,DDR4,32GB
"Team Group T-Force Nighthawk, rote LED, DDR4-3000, CL16 - 32 GB Kit",Team Group,DDR4,32GB
"Team Group T-Force Nighthawk, weiße LED, DDR4-3000, CL16 - 32 GB Kit",Team Group,DDR4,32GB
Team Group T-Force Vulcan Series grey,Team Group,DDR4,16GB
Team Group T-Force Vulcan Series red,Team Group,DDR4,16GB
Team Group T-Force Vulcan Series red,Team Group,DDR4,16GB
Team Group T-Force Xtreem ARGB,Team Group,DDR4,32GB
Team Group T-Force Xtreem ARGB,Team Group,DDR4,32GB
Team Group T-Force Xtreem ARGB,Team Group,DDR4,32GB
Team Group T-Force Xtreem ARGB,Team Group,DDR4,16GB
Team Group T-Force Xtreem ARGB,Team Group,DDR4,32GB
Team Group T-Force Xtreem ARGB,Team Group,DDR4,16GB
Team Group T-Force Xtreem ARGB,Team Group,DDR4,32GB
Team Group T-Force Xtreem ARGB,Team Group,DDR4,16GB
Team Group T-Force Xtreem ARGB,Team Group,DDR4,16GB
Team Group T-Force Xtreem ARGB,Team Group,DDR4,64GB
Team Group T-Force Xtreem ARGB,Team Group,DDR4,16GB
Team Group T-Force Xtreem ARGB,Team Group,DDR4,64GB
Team Group T-Force Xtreem ARGB,Team Group,DDR4,16GB
Team Group T-Force Xtreem ARGB,Team Group,DDR4,32GB
Team Group T-Force Xtreem ARGB,Team Group,DDR4,32GB
Team Group T-Force Xtreem ARGB,Team Group,DDR4,16GB
Team Group T-Force Xtreem ARGB,Team Group,DDR4,16GB
Team Group T-Force Xtreem ARGB,Team Group,DDR4,32GB
Team Group T-Force Xtreem ARGB,Team Group,DDR4,64GB
Team Group T-Force Xtreem ARGB,Team Group,DDR4,64GB
"Team Group T-Force Xtreem gold, DDR4-3866, CL18 - 8 GB Kit",Team Group,DDR4,8GB
"Team Group Xtreem ""8Pack Edition""",Team Group,DDR4,16GB
"Team Group Xtreem ""8Pack Edition""",Team Group,DDR4,16GB
"Team Group Xtreem ""8Pack Edition""",Team Group,DDR4,32GB
"Team Group Xtreem ""8Pack Edition""",Team Group,DDR4,32GB
"Team Group Xtreem ""8Pack Edition""",Team Group,DDR4,16GB
"Team Group Xtreem ""8Pack Edition""",Team Group,DDR4,32GB
"Team Group Xtreem silver, DDR4-3866, CL18 - 8 GB Kit",Team Group,DDR4,8GB
Thermaltake Toughram RGB DDR4-3000 CL16 - 16 GB Dual-Kit,Thermaltake,DDR4,16GB
Thermaltake Toughram RGB DDR4-4000 CL19- 16 GB Dual-Kit,Thermaltake,DDR4,16GB
Thermaltake Toughram RGB DDR4-4400 CL19- 16 GB Dual-Kit,Thermaltake,DDR4,16GB
