Name,Producer,Vram_Bin,TDP_Bin
Sapphire Pulse Radeon RX 6600 Gaming,SAPPHIRE,8GB,<=150W
Aorus RTX 3070 Master,Gigabyte,8GB,151-250W
ASRock Arc A750 Challenger D OC,ASRock,8GB,151-250W
ASRock Radeon RX 7600 Challenger 8GO,ASRock,8GB,151-250W
ASRock Radeon RX 7600 Phantom Gaming 8GO,ASRock,8GB,151-250W
ASRock Radeon RX 7600 Steel Legend 8GO,ASRock,8GB,151-250W
ASRock Radeon RX 7700 XT Challenger 12GO,ASRock,12GB,151-250W
ASRock Radeon RX 7700 XT Phantom Gaming 12GO,ASRock,12GB,151-250W
ASRock Radeon RX 7700 XT Steel Legend 12GO,ASRock,12GB,151-250W
ASRock Radeon RX 7800 XT Challenger 16GO,ASRock,24GB+,251-350W
ASRock Radeon RX 7800 XT Phantom Gaming 16GO,ASRock,24GB+,251-350W
ASRock Radeon RX 7800 XT Steel Legend 16GO,ASRock,24GB+,251-350W
ASUS GeForce RTX 3050 Dual,ASUS,8GB,<=150W
ASUS GeForce RTX 3050 Phoenix,ASUS,8GB,<=150W
ASUS GeForce RTX 3050 ROG Strix,ASUS,8GB,<=150W
ASUS GeForce RTX 3060 Dual LHR,ASUS,12GB,151-250W
ASUS GeForce RTX 3060 Dual OC,ASUS,12GB,151-250W
ASUS GeForce RTX 3060 Phoenix V2 12G LHR,ASUS,12GB,151-250W
ASUS GeForce RTX 3060 ROG Strix,ASUS,12GB,151-250W
ASUS GeForce RTX 3060 ROG Strix LHR,ASUS,12GB,151-250W
ASUS GeForce RTX 3060 ROG Strix OC,ASUS,12GB,151-250W
ASUS GeForce RTX 3060 Ti Dual Mini V2 O8G LHR,ASUS,8GB,151-250W
ASUS GeForce RTX 3060 Ti Dual V2 O8G LHR,ASUS,8GB,151-250W
ASUS GeForce RTX 3060 Ti ROG Strix V2 O8G LHR,ASUS,8GB,151-250W
ASUS GeForce RTX 3060 Ti TUF V2 8G LHR,ASUS,8GB,151-250W
ASUS GeForce RTX 3060 Ti TUF V2 O8G LHR,ASUS,8GB,151-250W
ASUS GeForce RTX 3060 TUF,ASUS,12GB,151-250W
ASUS GeForce RTX 3060 TUF LHR,ASUS,12GB,151-250W
ASUS GeForce RTX 3060 TUF OC,ASUS,12GB,151-250W
ASUS GeForce RTX 3070 Dual V2 O8G LHR,ASUS,8GB,151-250W
ASUS GeForce RTX 3070 Noctua Edition,ASUS,8GB,151-250W
ASUS GeForce RTX 3070 ROG Strix 8G White LHR,ASUS,8GB,151-250W
ASUS GeForce RTX 3070 ROG Strix O8G White LHR,ASUS,8GB,151-250W
ASUS GeForce RTX 3070 ROG Strix V2 O8G LHR,ASUS,8GB,151-250W
ASUS GeForce RTX 3070 Ti ROG Strix,ASUS,8GB,251-350W
ASUS GeForce RTX 3070 Ti ROG Strix OC,ASUS,8GB,251-350W
ASUS GeForce RTX 3070 Ti TUF O8G LHR,ASUS,8GB,251-350W
ASUS GeForce RTX 3070 TUF V2 O8G LHR,ASUS,8GB,151-250W
ASUS GeForce RTX 3080 Noctua,ASUS,12GB,251-350W
ASUS GeForce RTX 3080 ROG Strix 1,ASUS,12GB,251-350W
ASUS GeForce RTX 3080 ROG Strix O1,ASUS,12GB,251-350W
ASUS GeForce RTX 3080 ROG Strix V2 10G LHR,ASUS,12GB,251-350W
ASUS GeForce RTX 3080 ROG Strix V2 O10G LHR,ASUS,12GB,251-350W
ASUS GeForce RTX 3080 Ti ROG Strix O12G,ASUS,12GB,251-350W
ASUS GeForce RTX 3080 Ti TUF,ASUS,12GB,251-350W
ASUS GeForce RTX 3080 Ti TUF O12G,ASUS,12GB,251-350W
ASUS GeForce RTX 3080 TUF Gaming 1,ASUS,12GB,251-350W
ASUS GeForce RTX 3080 TUF Gaming O1,ASUS,12GB,251-350W
ASUS GeForce RTX 3080 TUF V2 10G LHR,ASUS,12GB,251-350W
ASUS GeForce RTX 3080 TUF V2 O10G LHR,ASUS,12GB,251-350W
ASUS GeForce RTX 3090 ROG Strix 2,ASUS,24GB+,251-350W
ASUS GeForce RTX 3090 ROG Strix O2,ASUS,24GB+,251-350W
ASUS GeForce RTX 3090 Ti ROG Strix LC,ASUS,24GB+,>350W
ASUS GeForce RTX 3090 Ti TUF,ASUS,24GB+,>350W
ASUS GeForce RTX 3090 TUF Gaming 2,ASUS,24GB+,251-350W
ASUS GeForce RTX 3090 TUF Gaming O2,ASUS,24GB+,251-350W
ASUS GeForce RTX 4060 Dual,ASUS,8GB,<=150W
ASUS GeForce RTX 4060 ROG Strix,ASUS,8GB,<=150W
ASUS GeForce RTX 4060 Ti Dual,ASUS,8GB,151-250W
ASUS GeForce RTX 4060 Ti Dual O8G White,ASUS,8GB,
ASUS GeForce RTX 4060 Ti TUF,ASUS,8GB,151-250W
ASUS GeForce RTX 4070 Dual,ASUS,12GB,151-250W
ASUS GeForce RTX 4070 Dual 12G White Edition,ASUS,12GB,151-250W
ASUS GeForce RTX 4070 Dual O12G White Edition,ASUS,12GB,151-250W
ASUS GeForce RTX 4070 TUF,ASUS,12GB,151-250W
ASUS GeForce RTX 4080 ROG Strix,ASUS,24GB+,251-350W
ASUS GeForce RTX 4080 TUF,ASUS,24GB+,251-350W
ASUS GeForce RTX 4090 ROG Strix LC,ASUS,24GB+,>350W
ASUS GeForce RTX 4090 TUF O24G OG,ASUS,24GB+,
ASUS Radeon RX 6500 XT Dual,ASUS,4GB,<=150W
ASUS Radeon RX 6500 XT TUF,ASUS,4GB,<=150W
ASUS Radeon RX 6600 Dual,ASUS,8GB,<=150W
ASUS Radeon RX 6600 XT Dual OC,ASUS,8GB,151-250W
ASUS Radeon RX 6600 XT ROG Strix OC,ASUS,8GB,151-250W
ASUS Radeon RX 6650 XT Dual,ASUS,8GB,151-250W
ASUS Radeon RX 6700 XT Dual,ASUS,12GB,151-250W
ASUS Radeon RX 6700 XT Dual (rev2),ASUS,12GB,151-250W
ASUS Radeon RX 6700 XT ROG Strix O12G,ASUS,12GB,151-250W
ASUS Radeon RX 6700 XT TUF O12G,ASUS,12GB,151-250W
ASUS Radeon RX 6750 XT Dual,ASUS,12GB,151-250W
ASUS Radeon RX 6750 XT ROG Strix,ASUS,12GB,151-250W
ASUS Radeon RX 6800,ASUS,24GB+,151-250W
ASUS Radeon RX 6800 ROG Strix,ASUS,24GB+,151-250W
ASUS Radeon RX 6800 TUF,ASUS,24GB+,151-250W
ASUS Radeon RX 6800 XT TUF,ASUS,24GB+,251-350W
ASUS Radeon RX 6900 XT ROG Strix LC,ASUS,24GB+,251-350W
ASUS Radeon RX 6900 XT ROG Strix Top Edition,ASUS,24GB+,251-350W
ASUS Radeon RX 6900 XT TUF Gaming Top,ASUS,24GB+,251-350W
ASUS Radeon RX 6900 XT TUF OC,ASUS,24GB+,251-350W
ASUS Radeon RX 7600 Dual,ASUS,8GB,151-250W
ASUS Radeon RX 7600 ROG Strix,ASUS,8GB,151-250W
ASUS Radeon RX 7700 XT TUF,ASUS,12GB,151-250W
ASUS Radeon RX 7800 XT TUF,ASUS,24GB+,251-350W
ASUS Radeon RX 7800 XT TUF O16G White,ASUS,24GB+,251-350W
ASUS RTX 3070 Dual OC,ASUS,8GB,151-250W
ASUS RTX 3070 TUF,ASUS,8GB,151-250W
EVGA GeForce RTX 3060 Ti FTW3 Black Gaming,EVGA,8GB,151-250W
EVGA GeForce RTX 3060 Ti FTW3 Gaming,EVGA,8GB,151-250W
EVGA GeForce RTX 3060 Ti FTW3 Ultra Gaming,EVGA,8GB,151-250W
EVGA GeForce RTX 3060 Ti FTW3 Ultra Gaming LHR,EVGA,8GB,151-250W
EVGA GeForce RTX 3060 Ti XC Black Gaming,EVGA,8GB,151-250W
EVGA GeForce RTX 3060 Ti XC Gaming,EVGA,8GB,151-250W
EVGA GeForce RTX 3060 XC Gaming,EVGA,12GB,151-250W
EVGA GeForce RTX 3070 FTW3 Ultra Gaming LHR,EVGA,8GB,151-250W
EVGA GeForce RTX 3070 Ti FTW3 Ultra Gaming LHR,EVGA,8GB,251-350W
EVGA GeForce RTX 3070 Ti XC3 Ultra Gaming LHR,EVGA,8GB,251-350W
EVGA GeForce RTX 3080 FTW3 Gaming,EVGA,12GB,251-350W
EVGA GeForce RTX 3080 FTW3 Ultra Gaming,EVGA,12GB,251-350W
EVGA GeForce RTX 3080 FTW3 Ultra Gaming LHR,EVGA,12GB,251-350W
EVGA GeForce RTX 3080 FTW3 Ultra Hybrid Gaming,EVGA,12GB,251-350W
EVGA GeForce RTX 3080 Ti FTW3 Gaming,EVGA,12GB,251-350W
EVGA GeForce RTX 3080 Ti FTW3 Ultra Gaming,EVGA,12GB,251-350W
EVGA GeForce RTX 3080 Ti FTW3 Ultra Hybrid Gaming LHR,EVGA,12GB,251-350W
EVGA GeForce RTX 3080 Ti XC3 Ultra Gaming,EVGA,12GB,251-350W
EVGA GeForce RTX 3080 Ti XC3 Ultra Hybrid Gaming LHR,EVGA,12GB,251-350W
EVGA GeForce RTX 3080 XC3 Black Gaming,EVGA,12GB,251-350W
EVGA GeForce RTX 3080 XC3 Black Gaming LHR,EVGA,12GB,251-350W
EVGA GeForce RTX 3080 XC3 Gaming,EVGA,12GB,251-350W
EVGA GeForce RTX 3080 XC3 Ultra Gaming,EVGA,12GB,251-350W
EVGA GeForce RTX 3080 XC3 Ultra Gaming LHR,EVGA,12GB,251-350W
EVGA GeForce RTX 3080 XC3 Ultra Hybrid Gaming,EVGA,12GB,251-350W
EVGA GeForce RTX 3090 FTW3 Ultra Gaming,EVGA,24GB+,251-350W
EVGA GeForce RTX 3090 FTW3 Ultra Hybrid Gaming,EVGA,24GB+,251-350W
EVGA GeForce RTX 3090 K|NGP|N Hybrid Gaming,EVGA,24GB+,251-350W
EVGA GeForce RTX 3090 Ti FTW3,EVGA,24GB+,>350W
EVGA GeForce RTX 3090 Ti FTW3 Black,EVGA,24GB+,>350W
EVGA GeForce RTX 3090 Ti FTW3 Ultra,EVGA,24GB+,>350W
EVGA GeForce RTX 3090 XC3 Black Gaming,EVGA,24GB+,251-350W
EVGA GeForce RTX 3090 XC3 Gaming,EVGA,24GB+,251-350W
EVGA GeForce RTX 3090 XC3 Ultra Gaming,EVGA,24GB+,251-350W
EVGA GeForce RTX 3090 XC3 Ultra Hybrid Gaming,EVGA,24GB+,251-350W
EVGA RTX 3070 FTW3,EVGA,8GB,151-250W
EVGA RTX 3070 FTW3 Ultra,EVGA,8GB,151-250W
EVGA RTX 3070 XC3,EVGA,8GB,151-250W
EVGA RTX 3070 XC3 Black Gaming,EVGA,8GB,151-250W
EVGA RTX 3070 XC3 Ultra Gaming,EVGA,8GB,151-250W
Gigabyte Aorus GeForce RTX 3050 Elite,Gigabyte,8GB,<=150W
Gigabyte Aorus GeForce RTX 3060 Elite 12G LHR,Gigabyte,12GB,151-250W
Gigabyte Aorus GeForce RTX 3060 Ti Elite 8G LHR,Gigabyte,8GB,151-250W
Gigabyte Aorus GeForce RTX 3060 Ti Master,Gigabyte,8GB,151-250W
Gigabyte Aorus GeForce RTX 3070 Master 8G LHR,Gigabyte,8GB,151-250W
Gigabyte Aorus GeForce RTX 3080 Master 10G LHR,Gigabyte,12GB,251-350W
Gigabyte Aorus GeForce RTX 3080 Ti Master 12G LHR,Gigabyte,12GB,>350W
GIGABYTE Aorus GeForce RTX 4060 Ti Elite,Gigabyte,8GB,151-250W
GIGABYTE Aorus GeForce RTX 4070 Master,Gigabyte,12GB,151-250W
GIGABYTE Aorus GeForce RTX 4070 Ti Elite,Gigabyte,12GB,251-350W
GIGABYTE Aorus GeForce RTX 4070 Ti Master,Gigabyte,12GB,251-350W
GIGABYTE Aorus GeForce RTX 4080 Master,Gigabyte,24GB+,251-350W
Gigabyte Aorus Radeon RX 6700 XT Elite,Gigabyte,12GB,151-250W
Gigabyte Aorus Radeon RX 6750 XT Elite,Gigabyte,12GB,151-250W
Gigabyte Aorus Radeon RX 6800 Master,Gigabyte,24GB+,151-250W
Gigabyte Aorus Radeon RX 6800 XT Master,Gigabyte,24GB+,251-350W
Gigabyte GeForce RTX 3050 Eagle,Gigabyte,8GB,<=150W
Gigabyte GeForce RTX 3050 Eagle OC,Gigabyte,8GB,<=150W
Gigabyte GeForce RTX 3050 Gaming OC,Gigabyte,8GB,<=150W
Gigabyte GeForce RTX 3060 Eagle,Gigabyte,12GB,151-250W
Gigabyte GeForce RTX 3060 Eagle 12G LHR,Gigabyte,12GB,151-250W
Gigabyte GeForce RTX 3060 Eagle OC,Gigabyte,12GB,151-250W
Gigabyte GeForce RTX 3060 Eagle OC 12G LHR,Gigabyte,12GB,151-250W
Gigabyte GeForce RTX 3060 Elite,Gigabyte,12GB,151-250W
Gigabyte GeForce RTX 3060 Gaming OC,Gigabyte,12GB,151-250W
Gigabyte GeForce RTX 3060 Gaming OC 12G LHR,Gigabyte,12GB,151-250W
Gigabyte GeForce RTX 3060 Ti Eagle,Gigabyte,8GB,151-250W
Gigabyte GeForce RTX 3060 Ti Eagle 8G LHR,Gigabyte,8GB,151-250W
Gigabyte GeForce RTX 3060 Ti Eagle OC,Gigabyte,8GB,151-250W
Gigabyte GeForce RTX 3060 Ti Eagle OC 8G LHR,Gigabyte,8GB,151-250W
Gigabyte GeForce RTX 3060 Ti Gaming OC,Gigabyte,8GB,151-250W
Gigabyte GeForce RTX 3060 Ti Gaming OC 8G LHR,Gigabyte,8GB,151-250W
Gigabyte GeForce RTX 3060 Ti Gaming OC Pro,Gigabyte,8GB,151-250W
Gigabyte GeForce RTX 3060 Ti Gaming OC Pro 8G LHR,Gigabyte,8GB,151-250W
Gigabyte GeForce RTX 3060 Ti Vision OC 8G LHR,Gigabyte,8GB,151-250W
Gigabyte GeForce RTX 3060 Vision OC,Gigabyte,12GB,151-250W
Gigabyte GeForce RTX 3060 Vision OC 12G LHR,Gigabyte,12GB,151-250W
Gigabyte GeForce RTX 3070 Eagle 8G LHR,Gigabyte,8GB,151-250W
Gigabyte GeForce RTX 3070 Eagle OC 8G LHR,Gigabyte,8GB,151-250W
Gigabyte GeForce RTX 3070 Gaming OC 8G LHR,Gigabyte,8GB,151-250W
Gigabyte GeForce RTX 3070 Ti Eagle OC,Gigabyte,8GB,251-350W
Gigabyte GeForce RTX 3070 Ti Gaming OC,Gigabyte,8GB,251-350W
Gigabyte GeForce RTX 3070 Ti Master,Gigabyte,8GB,251-350W
Gigabyte GeForce RTX 3070 Ti Vision OC,Gigabyte,8GB,251-350W
Gigabyte GeForce RTX 3070 Vision OC 8G LHR,Gigabyte,8GB,151-250W
Gigabyte GeForce RTX 3080 Eagle 10G LHR,Gigabyte,12GB,251-350W
Gigabyte GeForce RTX 3080 Eagle OC,Gigabyte,12GB,251-350W
Gigabyte GeForce RTX 3080 Eagle OC 1,Gigabyte,12GB,251-350W
Gigabyte GeForce RTX 3080 Gaming OC 1,Gigabyte,12GB,251-350W
Gigabyte GeForce RTX 3080 Gaming OC 10G LHR,Gigabyte,12GB,251-350W
Gigabyte GeForce RTX 3080 Gaming OC Waterforce WB 10G LHR,Gigabyte,12GB,251-350W
Gigabyte GeForce RTX 3080 Ti Eagle OC 12G LHR,Gigabyte,12GB,251-350W
Gigabyte GeForce RTX 3080 Ti Gaming OC,Gigabyte,12GB,251-350W
Gigabyte GeForce RTX 3080 Ti Vision OC,Gigabyte,12GB,251-350W
Gigabyte GeForce RTX 3080 Vision OC 10G LHR,Gigabyte,12GB,251-350W
Gigabyte GeForce RTX 3090 Gaming OC,Gigabyte,24GB+,251-350W
Gigabyte GeForce RTX 3090 Ti Gaming,Gigabyte,24GB+,>350W
Gigabyte GeForce RTX 3090 Ti Gaming OC,Gigabyte,24GB+,>350W
GIGABYTE GeForce RTX 4060 Ti Aero OC,Gigabyte,8GB,151-250W
GIGABYTE GeForce RTX 4060 Ti Eagle,Gigabyte,8GB,151-250W
GIGABYTE GeForce RTX 4060 Ti Eagle OC,Gigabyte,8GB,151-250W
GIGABYTE GeForce RTX 4060 Ti Gaming OC,Gigabyte,8GB,151-250W
GIGABYTE GeForce RTX 4070 Aero OC,Gigabyte,12GB,151-250W
GIGABYTE GeForce RTX 4070 Eagle OC,Gigabyte,12GB,151-250W
GIGABYTE GeForce RTX 4070 Gaming OC,Gigabyte,12GB,151-250W
GIGABYTE GeForce RTX 4070 Ti Aero OC,Gigabyte,12GB,
GIGABYTE GeForce RTX 4070 Ti Eagle,Gigabyte,12GB,251-350W
GIGABYTE GeForce RTX 4070 Ti Eagle OC,Gigabyte,12GB,251-350W
GIGABYTE GeForce RTX 4070 Ti Gaming OC,Gigabyte,12GB,
GIGABYTE GeForce RTX 4070 WindForce 3X OC,Gigabyte,12GB,151-250W
GIGABYTE GeForce RTX 4080 Aero OC,Gigabyte,24GB+,251-350W
GIGABYTE GeForce RTX 4080 Eagle,Gigabyte,24GB+,251-350W
GIGABYTE GeForce RTX 4080 Eagle OC,Gigabyte,24GB+,251-350W
GIGABYTE GeForce RTX 4080 Gaming OC,Gigabyte,24GB+,251-350W
Gigabyte Radeon RX 6500 XT Eagle,Gigabyte,4GB,<=150W
Gigabyte Radeon RX 6500 XT Gaming OC,Gigabyte,4GB,<=150W
Gigabyte Radeon RX 6600 Eagle,Gigabyte,8GB,<=150W
Gigabyte Radeon RX 6600 XT Eagle,Gigabyte,8GB,151-250W
Gigabyte Radeon RX 6600 XT Gaming OC,Gigabyte,8GB,151-250W
Gigabyte Radeon RX 6600 XT Gaming Pro OC,Gigabyte,8GB,151-250W
Gigabyte Radeon RX 6650 XT Eagle,Gigabyte,8GB,151-250W
Gigabyte Radeon RX 6650 XT Gaming OC,Gigabyte,8GB,151-250W
Gigabyte Radeon RX 6700 XT,Gigabyte,12GB,251-350W
Gigabyte Radeon RX 6700 XT Eagle,Gigabyte,12GB,151-250W
Gigabyte Radeon RX 6700 XT Eagle OC,Gigabyte,12GB,151-250W
Gigabyte Radeon RX 6700 XT Gaming OC,Gigabyte,12GB,151-250W
Gigabyte Radeon RX 6750 XT Gaming OC,Gigabyte,12GB,151-250W
Gigabyte Radeon RX 6800 Gaming OC,Gigabyte,24GB+,151-250W
Gigabyte Radeon RX 6800 XT Gaming OC,Gigabyte,24GB+,251-350W
Gigabyte Radeon RX 6900 XT,Gigabyte,24GB+,251-350W
Gigabyte Radeon RX 6900 XT Gaming OC,Gigabyte,24GB+,251-350W
Gigabyte Radeon RX 6900 XT Master,Gigabyte,24GB+,251-350W
Gigabyte Radeon RX 6950 XT GAMING OC,Gigabyte,24GB+,251-350W
GIGABYTE Radeon RX 7600 Gaming OC,Gigabyte,8GB,151-250W
GIGABYTE Radeon RX 7700 XT Gaming OC,Gigabyte,12GB,151-250W
GIGABYTE Radeon RX 7800 XT Gaming OC,Gigabyte,24GB+,251-350W
Gigabyte RTX 3070 Eagle,Gigabyte,8GB,151-250W
Gigabyte RTX 3070 Eagle OC,Gigabyte,8GB,151-250W
Gigabyte RTX 3070 Gaming OC,Gigabyte,8GB,151-250W
Gigabyte RTX 3070 Vision OC,Gigabyte,8GB,151-250W
INNO3D GeForce RTX 3050 Gaming OC X2,INNO3D,8GB,<=150W
INNO3D GeForce RTX 3050 Twin X2,INNO3D,8GB,<=150W
INNO3D GeForce RTX 3050 Twin X2 OC,INNO3D,8GB,<=150W
INNO3D GeForce RTX 3060 iChill X3,INNO3D,12GB,151-250W
INNO3D GeForce RTX 3060 iChill X3 Red LHR,INNO3D,12GB,151-250W
INNO3D GeForce RTX 3060 Ti iChill X3 Red LHR,INNO3D,8GB,151-250W
INNO3D GeForce RTX 3060 Ti Twin X2 LHR,INNO3D,8GB,151-250W
INNO3D GeForce RTX 3060 Ti Twin X2 OC LHR,INNO3D,8GB,151-250W
INNO3D GeForce RTX 3060 Twin X2 OC,INNO3D,12GB,151-250W
INNO3D GeForce RTX 3060 Twin X2 OC LHR,INNO3D,12GB,151-250W
INNO3D GeForce RTX 3070 iChill X3 LHR,INNO3D,8GB,151-250W
INNO3D GeForce RTX 3070 iChill X4 LHR,INNO3D,8GB,151-250W
INNO3D GeForce RTX 3070 Ti iChill X3,INNO3D,8GB,251-350W
INNO3D GeForce RTX 3070 Ti iChill X3 OC,INNO3D,8GB,251-350W
INNO3D GeForce RTX 3070 Ti iChill X4,INNO3D,8GB,251-350W
INNO3D GeForce RTX 3070 Twin X2 OC LHR,INNO3D,8GB,151-250W
INNO3D GeForce RTX 3080 iChill Frostbite LHR,INNO3D,12GB,251-350W
INNO3D GeForce RTX 3080 iChill X3 LHR,INNO3D,12GB,251-350W
INNO3D GeForce RTX 3080 iChill X4 LHR,INNO3D,12GB,251-350W
INNO3D GeForce RTX 3080 Ti iChill Black LHR,INNO3D,12GB,251-350W
INNO3D GeForce RTX 3080 Ti iChill X3 LHR,INNO3D,12GB,251-350W
INNO3D GeForce RTX 3080 Ti X3 LHR,INNO3D,12GB,251-350W
INNO3D GeForce RTX 3080 Ti X3 OC LHR,INNO3D,12GB,251-350W
INNO3D GeForce RTX 3080 Twin X2 OC LHR,INNO3D,12GB,251-350W
INNO3D GeForce RTX 3080 X3 LHR,INNO3D,12GB,
INNO3D GeForce RTX 3080 X3 OC LHR,INNO3D,12GB,251-350W
INNO3D GeForce RTX 3090 Gaming X3,INNO3D,24GB+,251-350W
INNO3D GeForce RTX 3090 iChill Frostbite,INNO3D,24GB+,>350W
INNO3D GeForce RTX 3090 iChill X3,INNO3D,24GB+,>350W
INNO3D GeForce RTX 3090 iChill X4,INNO3D,24GB+,>350W
INNO3D GeForce RTX 3090 Ti X3 OC,INNO3D,24GB+,>350W
INNO3D GeForce RTX 3090 X3,INNO3D,24GB+,251-350W
INNO3D GeForce RTX 4060 Ti iChill X3,INNO3D,8GB,151-250W
INNO3D GeForce RTX 4060 Ti iChill X3 White,INNO3D,8GB,151-250W
INNO3D GeForce RTX 4060 Ti Twin X2,INNO3D,8GB,151-250W
INNO3D GeForce RTX 4060 Ti Twin X2 OC,INNO3D,8GB,151-250W
INNO3D GeForce RTX 4060 Ti Twin X2 White OC,INNO3D,8GB,151-250W
INNO3D GeForce RTX 4060 Ti X3 OC,INNO3D,8GB,151-250W
INNO3D GeForce RTX 4070 iChill X3,INNO3D,12GB,151-250W
INNO3D GeForce RTX 4070 Ti iChill X3,INNO3D,12GB,
INNO3D GeForce RTX 4070 Ti X3,INNO3D,12GB,
INNO3D GeForce RTX 4070 Ti X3 OC,INNO3D,12GB,
INNO3D GeForce RTX 4070 Twin X2,INNO3D,12GB,151-250W
INNO3D GeForce RTX 4070 Twin X2 OC,INNO3D,12GB,151-250W
INNO3D GeForce RTX 4070 Twin X2 OC White,INNO3D,12GB,151-250W
INNO3D GeForce RTX 4070 X3 OC,INNO3D,12GB,151-250W
INNO3D GeForce RTX 4080 iChill Black,INNO3D,24GB+,251-350W
INNO3D GeForce RTX 4080 iChill Frostbite,INNO3D,24GB+,251-350W
INNO3D GeForce RTX 4080 iChill X3,INNO3D,24GB+,251-350W
INNO3D GeForce RTX 4080 X3,INNO3D,24GB+,
INNO3D GeForce RTX 4090 iChill Frostbite Pro,INNO3D,24GB+,>350W
INNO3D GeForce RTX 4090 iChill Frostbite Ultra,INNO3D,24GB+,>350W
INNO3D GeForce RTX 4090 X3 OC White,INNO3D,24GB+,>350W
INNO3D RTX 3070 iChill X3,INNO3D,8GB,151-250W
INNO3D RTX 3070 iChill X4,INNO3D,8GB,151-250W
Intel Arc A750 Limited Edition,Intel,8GB,151-250W
Intel Arc A770 Limited Edition,Intel,24GB+,151-250W
MSI GeForce RTX 3050 Aero ITX,MSI,8GB,<=150W
MSI GeForce RTX 3050 Aero ITX 8G OC,MSI,8GB,<=150W
MSI GeForce RTX 3050 Gaming X,MSI,8GB,<=150W
MSI GeForce RTX 3050 Ventus 2X,MSI,8GB,<=150W
MSI GeForce RTX 3050 Ventus 2X 8G OC,MSI,8GB,<=150W
MSI GeForce RTX 3060 Gaming X,MSI,12GB,151-250W
MSI GeForce RTX 3060 Gaming X Trio,MSI,12GB,151-250W
MSI GeForce RTX 3060 Gaming Z Trio 12G LHR,MSI,12GB,151-250W
MSI GeForce RTX 3060 Ti Gaming X 8G LHR,MSI,8GB,151-250W
MSI GeForce RTX 3060 Ti Gaming X Trio,MSI,8GB,151-250W
MSI GeForce RTX 3060 Ti Gaming Z Trio 8G LHR,MSI,8GB,151-250W
MSI GeForce RTX 3060 Ti Ventus 2X 8G OCV1 LHR,MSI,8GB,151-250W
MSI GeForce RTX 3060 Ti Ventus 2X OC,MSI,8GB,151-250W
MSI GeForce RTX 3060 Ti Ventus 3X 8G OC LHR,MSI,8GB,151-250W
MSI GeForce RTX 3060 Ti Ventus 3X OC,MSI,8GB,151-250W
MSI GeForce RTX 3060 Ventus 2X,MSI,12GB,151-250W
MSI GeForce RTX 3060 Ventus 3X OC,MSI,12GB,151-250W
MSI GeForce RTX 3070 Gaming Trio Plus 8G LHR,MSI,8GB,151-250W
MSI GeForce RTX 3070 Gaming Z Trio 8G LHR,MSI,8GB,151-250W
MSI GeForce RTX 3070 Suprim X 8G LHR,MSI,8GB,251-350W
MSI GeForce RTX 3070 Ti Gaming X Trio,MSI,8GB,251-350W
MSI GeForce RTX 3070 Ti Suprim X,MSI,8GB,251-350W
MSI GeForce RTX 3070 Ti Ventus 3X 8G LHR,MSI,8GB,251-350W
MSI GeForce RTX 3070 Ti Ventus 3X 8G OC LHR,MSI,8GB,251-350W
MSI GeForce RTX 3070 Ventus 2X 8G OC LHR,MSI,8GB,151-250W
MSI GeForce RTX 3070 Ventus 3X 8G OC LHR,MSI,8GB,151-250W
MSI GeForce RTX 3070 Ventus 3X Plus 8G OC LHR,MSI,8GB,151-250W
MSI GeForce RTX 3080 Gaming X Trio 1,MSI,12GB,251-350W
MSI GeForce RTX 3080 Gaming Z Trio 10G LHR,MSI,12GB,>350W
MSI GeForce RTX 3080 Suprim X 10G LHR,MSI,12GB,>350W
MSI GeForce RTX 3080 Ti Gaming X Trio,MSI,12GB,251-350W
MSI GeForce RTX 3080 Ti Suprim X,MSI,12GB,251-350W
MSI GeForce RTX 3080 Ti Ventus 3X 12G LHR,MSI,12GB,251-350W
MSI GeForce RTX 3080 Ti Ventus 3X 12G OC,MSI,12GB,251-350W
MSI GeForce RTX 3080 Ventus 3X 10G OC,MSI,12GB,251-350W
MSI GeForce RTX 3080 Ventus 3X PLUS 10G LHR,MSI,12GB,251-350W
MSI GeForce RTX 3080 Ventus 3X Plus 10G OC LHR,MSI,12GB,251-350W
MSI GeForce RTX 3090 Gaming X Trio 2,MSI,24GB+,251-350W
MSI GeForce RTX 3090 Suprim,MSI,24GB+,>350W
MSI GeForce RTX 3090 Suprim X,MSI,24GB+,>350W
MSI GeForce RTX 3090 Ti Black Trio,MSI,24GB+,>350W
MSI GeForce RTX 3090 Ti Gaming X Trio,MSI,24GB+,>350W
MSI GeForce RTX 3090 Ti Suprim X,MSI,24GB+,>350W
MSI GeForce RTX 3090 Ventus 3X 24G OC,MSI,24GB+,251-350W
MSI GeForce RTX 4060 Gaming X,MSI,8GB,<=150W
MSI GeForce RTX 4060 Ti Gaming X,MSI,8GB,151-250W
MSI GeForce RTX 4060 Ti Gaming X Trio,MSI,8GB,151-250W
MSI GeForce RTX 4060 Ti Ventus 2X Black 8G OC,MSI,8GB,151-250W
MSI GeForce RTX 4060 Ventus 2X Black 8G OC,MSI,8GB,<=150W
MSI GeForce RTX 4070 Gaming X Trio,MSI,12GB,151-250W
MSI GeForce RTX 4070 Ti Gaming X Trio,MSI,12GB,
MSI GeForce RTX 4070 Ti Suprim X,MSI,12GB,
MSI GeForce RTX 4070 Ventus 3X 12G OC,MSI,12GB,151-250W
MSI GeForce RTX 4080 Gaming X Trio,MSI,24GB+,251-350W
MSI GeForce RTX 4080 Suprim X,MSI,24GB+,251-350W
MSI GeForce RTX 4080 Ventus 3X OC,MSI,24GB+,251-350W
MSI GeForce RTX 4090 Ventus 3X 24G OC,MSI,24GB+,>350W
MSI Radeon RX 6500 XT Mech 2X OC,MSI,4GB,<=150W
MSI Radeon RX 6600 Mech 2X,MSI,8GB,<=150W
MSI Radeon RX 6600 XT Gaming X,MSI,8GB,151-250W
MSI Radeon RX 6600 XT Mech 2X,MSI,8GB,151-250W
MSI Radeon RX 6650 XT Gaming X,MSI,8GB,151-250W
MSI Radeon RX 6650 XT Mech 2X 8G OC,MSI,8GB,151-250W
MSI Radeon RX 6700 XT Gaming X,MSI,12GB,151-250W
MSI Radeon RX 6700 XT Mech 2X,MSI,12GB,151-250W
MSI Radeon RX 6700 XT Mech 2X OC,MSI,12GB,151-250W
MSI Radeon RX 6750 XT Gaming X Trio,MSI,12GB,151-250W
MSI Radeon RX 6750 XT Mech 2X 12G OC,MSI,12GB,151-250W
MSI Radeon RX 6800,MSI,24GB+,151-250W
MSI Radeon RX 6800 Gaming X Trio,MSI,24GB+,151-250W
MSI Radeon RX 6800 XT,MSI,24GB+,251-350W
MSI Radeon RX 6800 XT Gaming Trio,MSI,24GB+,251-350W
MSI Radeon RX 6800 XT Gaming Z Trio,MSI,24GB+,251-350W
MSI Radeon RX 6900 XT Gaming X Trio,MSI,24GB+,251-350W
MSI Radeon RX 6900 XT Gaming Z Trio,MSI,24GB+,251-350W
MSI Radeon RX 6950 XT Gaming X Trio,MSI,24GB+,251-350W
MSI Radeon RX 7600 Mech 2X Classic 8G OC,MSI,8GB,151-250W
Palit GeForce RTX 3090 GamingPro OC,Palit,24GB+,251-350W
PNY GeForce RTX 3060 XLR8 Gaming Revel EPIC-X RGB,PNY,12GB,151-250W
PNY GeForce RTX 3060 XLR8 Gaming Revel EPIC-X RGB Single Fan,PNY,12GB,151-250W
PNY GeForce RTX 3080 XLR8 Gaming EPIC-X RGB,PNY,12GB,251-350W
PNY GeForce RTX 3090 XLR8 Gaming EPIC-X RGB,PNY,24GB+,251-350W
PNY GeForce RTX 4080 XLR8 Gaming VERTO Edition,PNY,24GB+,251-350W
PNY GeForce RTX 4080 XLR8 Gaming VERTO OC Edition,PNY,24GB+,251-350W
PNY GeForce RTX 4080 XLR8 Gaming VERTO Triple Fan Edition,PNY,24GB+,251-350W
PNY RTX 3070 Dual,PNY,8GB,151-250W
PNY RTX 3070 XL8R Gaming Revel Epic-X RGB,PNY,8GB,151-250W
Sapphire GearBox 500 Grafikkartengehäuse - Thunderbolt 3 inkl. Pulse RX 6600 XT,SAPPHIRE,8GB,151-250W
Sapphire Nitro+ Radeon RX 6600 XT,Sapphire,8GB,151-250W
Sapphire Nitro+ Radeon RX 6650 XT Gaming OC,SAPPHIRE,8GB,151-250W
Sapphire Nitro+ Radeon RX 6700 XT OC,Sapphire,12GB,251-350W
Sapphire Nitro+ Radeon RX 6750 XT Gaming OC,SAPPHIRE,12GB,251-350W
Sapphire Nitro+ Radeon RX 6800 OC,SAPPHIRE,24GB+,151-250W
Sapphire Nitro+ Radeon RX 6800 XT OC SE,SAPPHIRE,24GB+,251-350W
Sapphire Nitro+ Radeon RX 6900 XT OC,Sapphire,24GB+,251-350W
Sapphire Nitro+ Radeon RX 6900 XT Special Edition,SAPPHIRE,24GB+,251-350W
Sapphire Nitro+ Radeon RX 6950 XT Gaming OC,SAPPHIRE,24GB+,>350W
Sapphire Nitro+ Radeon RX 6950 XT Pure Gaming OC,SAPPHIRE,24GB+,>350W
Sapphire Nitro+ Radeon RX 7800 XT Gaming OC,SAPPHIRE,24GB+,251-350W
Sapphire Pulse Radeon RX 6500 XT Gaming OC,SAPPHIRE,4GB,<=150W
Sapphire Pulse Radeon RX 6600 XT,Sapphire,8GB,151-250W
Sapphire Pulse Radeon RX 6650 XT Gaming OC,SAPPHIRE,8GB,151-250W
Sapphire Pulse Radeon RX 6700,SAPPHIRE,12GB,151-250W
Sapphire Pulse Radeon RX 6700 XT,Sapphire,12GB,251-350W
Sapphire Pulse Radeon RX 6700 XT OC,SAPPHIRE,12GB,151-250W
Sapphire Pulse Radeon RX 6750 XT Gaming OC,SAPPHIRE,12GB,151-250W
Sapphire Pulse Radeon RX 6800 OC,SAPPHIRE,24GB+,251-350W
Sapphire Pulse Radeon RX 6800 XT Gaming OC,SAPPHIRE,24GB+,251-350W
Sapphire Pulse Radeon RX 7600 Gaming,SAPPHIRE,8GB,151-250W
Sapphire Pulse Radeon RX 7700 XT Gaming OC,SAPPHIRE,12GB,151-250W
Sapphire Pulse Radeon RX 7800 XT Gaming OC,SAPPHIRE,24GB+,251-350W
Sapphire Radeon RX 6800,Sapphire,24GB+,151-250W
Sapphire Toxic Radeon RX 6900 XT Air Cooled,SAPPHIRE,24GB+,
Sapphire Toxic Radeon RX 6950 XT LE Gaming OC,SAPPHIRE,24GB+,>350W
ZOTAC GAMING GeForce RTX 3050 AMP!,ZOTAC,8GB,<=150W
ZOTAC GAMING GeForce RTX 3050 Twin Edge,ZOTAC,8GB,<=150W
ZOTAC GAMING GeForce RTX 3050 Twin Edge OC,ZOTAC,8GB,<=150W
ZOTAC GAMING GeForce RTX 3060 AMP! White Edition,ZOTAC,12GB,151-250W
ZOTAC GAMING GeForce RTX 3060 Ti AMP! White Edition LHR,ZOTAC,8GB,151-250W
ZOTAC GAMING GeForce RTX 3060 Ti Twin Edge,ZOTAC,8GB,151-250W
ZOTAC GAMING GeForce RTX 3060 Ti Twin Edge LHR,ZOTAC,8GB,151-250W
ZOTAC GAMING GeForce RTX 3060 Ti Twin Edge OC,ZOTAC,8GB,151-250W
ZOTAC GAMING GeForce RTX 3060 Ti Twin Edge OC LHR,ZOTAC,8GB,151-250W
ZOTAC GAMING GeForce RTX 3060 Twin Edge,ZOTAC,12GB,151-250W
ZOTAC GAMING GeForce RTX 3060 Twin Edge OC,ZOTAC,12GB,151-250W
ZOTAC GAMING GeForce RTX 3070 AMP! Holo LHR,ZOTAC,8GB,151-250W
ZOTAC GAMING GeForce RTX 3070 Ti AMP! Extreme Holo LHR,ZOTAC,8GB,251-350W
ZOTAC GAMING GeForce RTX 3070 Ti Trinity LHR,ZOTAC,8GB,251-350W
ZOTAC GAMING GeForce RTX 3070 Ti Trinity OC LHR,ZOTAC,8GB,251-350W
ZOTAC GAMING GeForce RTX 3070 Twin Edge LHR,ZOTAC,8GB,151-250W
ZOTAC GAMING GeForce RTX 3070 Twin Edge OC LHR,ZOTAC,8GB,151-250W
ZOTAC GAMING GeForce RTX 3070 Twin Edge OC LHR White Edition,ZOTAC,8GB,151-250W
ZOTAC GAMING GeForce RTX 3080 Ti AMP! Extreme Holo,ZOTAC,12GB,>350W
ZOTAC GAMING GeForce RTX 3080 Ti AMP! Holo,ZOTAC,12GB,251-350W
ZOTAC GAMING GeForce RTX 3080 Trinity,ZOTAC,12GB,251-350W
ZOTAC GAMING GeForce RTX 3080 Trinity AMP! Holo LHR,ZOTAC,12GB,251-350W
ZOTAC GAMING GeForce RTX 3080 Trinity LHR,ZOTAC,12GB,251-350W
ZOTAC GAMING GeForce RTX 3080 Trinity OC LHR,ZOTAC,12GB,251-350W
ZOTAC GAMING GeForce RTX 3090 AMP! Extreme Holo,ZOTAC,24GB+,251-350W
ZOTAC GAMING GeForce RTX 3090 ArcticStorm,ZOTAC,24GB+,251-350W
ZOTAC GAMING GeForce RTX 3090 Ti AMP! Extreme Holo,ZOTAC,24GB+,>350W
ZOTAC GAMING GeForce RTX 3090 Trinity,ZOTAC,24GB+,251-350W
ZOTAC GAMING GeForce RTX 3090 Trinity OC,ZOTAC,24GB+,251-350W
ZOTAC Gaming GeForce RTX 4060 OC SPIDER-MAN™ Across the Spider-Verse,ZOTAC,8GB,<=150W
ZOTAC Gaming GeForce RTX 4060 Solo,ZOTAC,8GB,<=150W
ZOTAC Gaming GeForce RTX 4060 Ti Twin Edge,ZOTAC,8GB,151-250W
ZOTAC Gaming GeForce RTX 4060 Ti Twin Edge OC,ZOTAC,8GB,>350W
ZOTAC Gaming GeForce RTX 4060 Ti Twin Edge OC SPIDER-MAN™ Across the Spider-Verse,ZOTAC,8GB,151-250W
ZOTAC Gaming GeForce RTX 4060 Twin Edge OC White Edition,ZOTAC,8GB,<=150W
ZOTAC Gaming GeForce RTX 4070 AMP! Airo,ZOTAC,12GB,151-250W
ZOTAC Gaming GeForce RTX 4070 Ti AMP Extreme Airo,ZOTAC,12GB,251-350W
ZOTAC Gaming GeForce RTX 4070 Ti Trinity,ZOTAC,12GB,251-350W
ZOTAC Gaming GeForce RTX 4070 Ti Trinity OC,ZOTAC,12GB,251-350W
ZOTAC Gaming GeForce RTX 4070 Trinity,ZOTAC,12GB,151-250W
ZOTAC Gaming GeForce RTX 4070 Twin Edge OC,ZOTAC,12GB,151-250W
ZOTAC Gaming GeForce RTX 4080 AMP! Extreme Airo,ZOTAC,24GB+,251-350W
ZOTAC Gaming GeForce RTX 4080 Trinity,ZOTAC,24GB+,251-350W
ZOTAC Gaming GeForce RTX 4080 Trinity OC,ZOTAC,24GB+,251-350W
ZOTAC GAMING RTX 3070 Ti AMP! Holo,ZOTAC,8GB,251-350W
Zotac Gaming RTX 3070 Twin Edge,ZOTAC,8GB,151-250W
Zotac Gaming RTX 3070 Twin Edge OC,ZOTAC,8GB,151-250W
ZOTAC GeForce RTX 3080 Ti Trinity,ZOTAC,12GB,251-350W
ZOTAC GeForce RTX 3080 Ti Trinity OC,ZOTAC,12GB,251-350W
ASRock Arc A380 Challenger ITX,ASRock,6GB,<=150W
ASRock Radeon RX 6950 XT Phantom Gaming OC,ASRock,24GB+,251-350W
ASRock Radeon VII,ASRock,24GB+,251-350W
Asus AREZ PH RX 550 2G,ASUS,4GB,<=150W
Asus CERBERUS GTX 1050 O2G,ASUS,4GB,<=150W
Asus CERBERUS GTX 1050TI O4G,ASUS,4GB,<=150W
Asus DUAL GTX 1050 O2G,ASUS,4GB,<=150W
Asus DUAL GTX 1060 O3G,ASUS,4GB,<=150W
Asus DUAL GTX 1060 O6G,ASUS,6GB,<=150W
Asus DUAL RX 580 O4G,ASUS,4GB,151-250W
Asus DUAL RX 580 O8G,ASUS,8GB,151-250W
ASUS GeForce GT 1030,ASUS,4GB,<=150W
ASUS GeForce GT 1030 2G,ASUS,4GB,<=150W
ASUS GeForce GT 1030 Phoenix,ASUS,4GB,<=150W
ASUS GeForce GT 730,ASUS,4GB,
ASUS GeForce GTX 1050 2G,ASUS,4GB,<=150W
ASUS GeForce GTX 1050 Expedition,ASUS,4GB,<=150W
ASUS GeForce GTX 1050 Expedition O2G,ASUS,4GB,<=150W
ASUS GeForce GTX 1050 STRIX 2G Gaming,ASUS,4GB,<=150W
ASUS GeForce GTX 1050 STRIX O2G Gaming,ASUS,4GB,<=150W
ASUS GeForce GTX 1050 Ti Cerberus,ASUS,4GB,
ASUS GeForce GTX 1050 Ti DC2 O4G,ASUS,4GB,<=150W
ASUS GeForce GTX 1050 Ti Expedition,ASUS,4GB,<=150W
ASUS GeForce GTX 1050 Ti Expedition O4G,ASUS,4GB,<=150W
ASUS GeForce GTX 1050 Ti PH,ASUS,4GB,<=150W
ASUS GeForce GTX 1050 Ti STRIX 4G Gaming,ASUS,4GB,<=150W
ASUS GeForce GTX 1050 Ti STRIX O4G Gaming,ASUS,4GB,<=150W
ASUS GeForce GTX 1060 Dual 3G,ASUS,4GB,<=150W
ASUS GeForce GTX 1060 Dual O3G,ASUS,4GB,<=150W
ASUS GeForce GTX 1060 Dual O6G,ASUS,6GB,<=150W
ASUS GeForce GTX 1060 Expedition O6G,ASUS,6GB,<=150W
ASUS GeForce GTX 1060 O6G 9 Gbps,ASUS,6GB,<=150W
ASUS GeForce GTX 1060 STRIX 6G Gaming,ASUS,6GB,<=150W
ASUS GeForce GTX 1060 STRIX O6G Gaming,ASUS,6GB,<=150W
ASUS GeForce GTX 1060 Turbo 6G,ASUS,6GB,<=150W
ASUS GeForce GTX 1070 Dual 8G,ASUS,8GB,<=150W
ASUS GeForce GTX 1070 Dual O8G,ASUS,8GB,<=150W
ASUS GeForce GTX 1070 Expedition O8G,ASUS,8GB,<=150W
ASUS GeForce GTX 1070 STRIX 8G Gaming,ASUS,8GB,<=150W
ASUS GeForce GTX 1070 STRIX O8G Gaming,ASUS,8GB,<=150W
ASUS GeForce GTX 1070 Ti Cerberus A8G,ASUS,8GB,151-250W
ASUS GeForce GTX 1070 Ti STRIX 8G Gaming,ASUS,8GB,151-250W
ASUS GeForce GTX 1070 Ti STRIX A8G Gaming,ASUS,8GB,151-250W
ASUS GeForce GTX 1070 Ti Turbo 8G,ASUS,8GB,151-250W
ASUS GeForce GTX 1070 Turbo 8G,ASUS,8GB,<=150W
ASUS GeForce GTX 1080 STRIX 8G Gaming,ASUS,8GB,151-250W
ASUS GeForce GTX 1080 STRIX A8G,ASUS,8GB,151-250W
ASUS GeForce GTX 1080 STRIX O8G 11 Gbps,ASUS,8GB,151-250W
ASUS GeForce GTX 1080 STRIX O8G Gaming,ASUS,8GB,151-250W
ASUS GeForce GTX 1080 Ti Founders Edition,ASUS,12GB,151-250W
ASUS GeForce GTX 1080 Ti STRIX 11G Gaming,ASUS,12GB,151-250W
ASUS GeForce GTX 1080 Ti STRIX O11G Gaming,ASUS,12GB,151-250W
ASUS GeForce GTX 1080 Ti Turbo 11G,ASUS,12GB,151-250W
ASUS GeForce GTX 1080 Turbo 8G,ASUS,8GB,151-250W
ASUS GeForce GTX 1650,ASUS,4GB,<=150W
"ASUS GeForce GTX 1650 Dual O4G, 4096 MB GDDR5",ASUS,4GB,<=150W
ASUS GeForce GTX 1650 Phoenix,ASUS,4GB,<=150W
"ASUS GeForce GTX 1650 Phoenix O4G, 4096 MB GDDR5",ASUS,4GB,<=150W
"ASUS GeForce GTX 1650 ROG STRIX A4G, 4096 MB GDDR5",ASUS,4GB,<=150W
"ASUS GeForce GTX 1650 ROG STRIX O4G, 4096 MB GDDR5",ASUS,4GB,<=150W
ASUS GeForce GTX 1650 Super,ASUS,4GB,<=150W
ASUS GeForce GTX 1650 Super Advanced ROG Strix A,ASUS,4GB,<=150W
ASUS GeForce GTX 1650 Super Phoenix,ASUS,4GB,<=150W
ASUS GeForce GTX 1650 Super ROG Strix,ASUS,4GB,<=150W
ASUS GeForce GTX 1650 Super TUF,ASUS,4GB,<=150W
ASUS GeForce GTX 1650 Super TUF O4G Gaming,ASUS,4GB,<=150W
ASUS GeForce GTX 1650 TUF,ASUS,4GB,<=150W
ASUS GeForce GTX 1650 TUF 4GD,ASUS,4GB,<=150W
ASUS GeForce GTX 1650 TUF O4GD,ASUS,4GB,<=150W
ASUS GeForce GTX 1660 Dual 6G Evo,ASUS,6GB,<=150W
ASUS GeForce GTX 1660 Dual O6G Evo,ASUS,6GB,<=150W
ASUS GeForce GTX 1660 Phoenix,ASUS,6GB,<=150W
ASUS GeForce GTX 1660 Super Dual O6G Evo,ASUS,6GB,<=150W
ASUS GeForce GTX 1660 Super Mini,ASUS,6GB,<=150W
ASUS GeForce GTX 1660 Super Phoenix,ASUS,6GB,<=150W
ASUS GeForce GTX 1660 Super ROG Strix,ASUS,6GB,<=150W
ASUS GeForce GTX 1660 Super ROG Strix A,ASUS,6GB,<=150W
ASUS GeForce GTX 1660 Super TUF,ASUS,6GB,<=150W
ASUS GeForce GTX 1660 Super TUF O6G Gaming,ASUS,6GB,<=150W
ASUS GeForce GTX 1660 Ti Dual O6G,ASUS,6GB,<=150W
ASUS GeForce GTX 1660 Ti Phoenix O6G,ASUS,6GB,<=150W
ASUS GeForce GTX 1660 Ti ROG STRIX O6G,ASUS,6GB,<=150W
ASUS GeForce GTX 1660 Ti TUF 6G Evo,ASUS,6GB,<=150W
ASUS GeForce GTX 1660 Ti TUF O6G Evo,ASUS,6GB,<=150W
ASUS GeForce GTX 1660 TUF,ASUS,6GB,<=150W
ASUS GeForce GTX 1660 TUF X3,ASUS,6GB,<=150W
ASUS GeForce GTX 1660 TUF X3 A,ASUS,6GB,<=150W
Asus GeForce GTX 660 Ti,ASUS,4GB,<=150W
ASUS GeForce GTX 750 Ti STRIX OC,ASUS,4GB,<=150W
ASUS GeForce RTX 2060 Dual 6G EVO,ASUS,6GB,151-250W
ASUS GeForce RTX 2060 Dual A6G,ASUS,6GB,151-250W
ASUS GeForce RTX 2060 Dual A6G EVO,ASUS,6GB,151-250W
ASUS GeForce RTX 2060 Dual Mini,ASUS,6GB,151-250W
ASUS GeForce RTX 2060 Dual O6G EVO,ASUS,6GB,151-250W
ASUS GeForce RTX 2060 Phoenix 6G,ASUS,6GB,151-250W
ASUS GeForce RTX 2060 ROG STRIX 6G,ASUS,6GB,151-250W
ASUS GeForce RTX 2060 ROG Strix 6G Evo,ASUS,6GB,>350W
ASUS GeForce RTX 2060 ROG STRIX A6G,ASUS,6GB,151-250W
ASUS GeForce RTX 2060 ROG Strix A6G Evo,ASUS,6GB,>350W
ASUS GeForce RTX 2060 ROG STRIX O6G,ASUS,6GB,151-250W
ASUS GeForce RTX 2060 ROG Strix O6G Evo,ASUS,6GB,>350W
ASUS GeForce RTX 2060 Super 8G Evo V,ASUS,8GB,151-250W
ASUS GeForce RTX 2060 Super Dual 8G EVO,ASUS,8GB,151-250W
ASUS GeForce RTX 2060 Super Dual A8G EVO,ASUS,8GB,151-250W
ASUS GeForce RTX 2060 Super Dual A8G EVO V,ASUS,8GB,151-250W
ASUS GeForce RTX 2060 Super Dual O8G EVO,ASUS,8GB,151-250W
ASUS GeForce RTX 2060 Super Dual O8G EVO V,ASUS,8GB,151-250W
ASUS GeForce RTX 2060 Super ROG Strix 8G EVO,ASUS,8GB,151-250W
ASUS GeForce RTX 2060 Super ROG Strix 8G Gaming,ASUS,8GB,151-250W
ASUS GeForce RTX 2060 Super ROG Strix A8G EVO,ASUS,8GB,151-250W
ASUS GeForce RTX 2060 Super ROG Strix A8G Gaming,ASUS,8GB,151-250W
ASUS GeForce RTX 2060 Super ROG Strix O8G EVO,ASUS,8GB,151-250W
ASUS GeForce RTX 2060 Super ROG Strix O8G Gaming,ASUS,8GB,151-250W
ASUS GeForce RTX 2060 Super Turbo 8G EVO,ASUS,8GB,151-250W
ASUS GeForce RTX 2060 TUF,ASUS,6GB,151-250W
ASUS GeForce RTX 2060 Turbo 6G,ASUS,6GB,151-250W
ASUS GeForce RTX 2070 Dual 8G EVO,ASUS,8GB,151-250W
ASUS GeForce RTX 2070 Dual 8G Evo V,ASUS,8GB,151-250W
ASUS GeForce RTX 2070 Dual A8G,ASUS,8GB,151-250W
ASUS GeForce RTX 2070 Dual A8G EVO,ASUS,8GB,151-250W
ASUS GeForce RTX 2070 Dual O8G,ASUS,8GB,151-250W
ASUS GeForce RTX 2070 Dual O8G Evo V,ASUS,8GB,151-250W
ASUS GeForce RTX 2070 Mini Dual,ASUS,8GB,151-250W
ASUS GeForce RTX 2070 ROG STRIX A8G,ASUS,8GB,151-250W
ASUS GeForce RTX 2070 ROG STRIX O8G,ASUS,8GB,151-250W
ASUS GeForce RTX 2070 Super Dual 8G Evo,ASUS,8GB,251-350W
ASUS GeForce RTX 2070 Super Dual A8G Evo,ASUS,8GB,251-350W
ASUS GeForce RTX 2070 Super Dual O8G Evo,ASUS,8GB,251-350W
ASUS GeForce RTX 2070 Super ROG Strix 8G Gaming,ASUS,8GB,251-350W
ASUS GeForce RTX 2070 Super ROG Strix A8G Gaming,ASUS,8GB,251-350W
ASUS GeForce RTX 2070 Super ROG Strix O8G Gaming,ASUS,8GB,251-350W
ASUS GeForce RTX 2070 Super Turbo 8G EVO,ASUS,8GB,251-350W
ASUS GeForce RTX 2070 Turbo 8G,ASUS,8GB,151-250W
ASUS GeForce RTX 2080 Dual O8G,ASUS,8GB,151-250W
ASUS GeForce RTX 2080 ROG STRIX O8G Gaming,ASUS,8GB,151-250W
ASUS GeForce RTX 2080 Super Dual 8G Evo,ASUS,8GB,151-250W
ASUS GeForce RTX 2080 Super Dual 8G Evo V,ASUS,8GB,151-250W
ASUS GeForce RTX 2080 Super Dual O8G Evo,ASUS,8GB,151-250W
ASUS GeForce RTX 2080 Super Dual O8G Evo V,ASUS,8GB,151-250W
ASUS GeForce RTX 2080 Super ROG Strix 8G Gaming,ASUS,8GB,151-250W
ASUS GeForce RTX 2080 Super ROG Strix A8G Gaming,ASUS,8GB,151-250W
ASUS GeForce RTX 2080 Super ROG Strix O8G Gaming,ASUS,8GB,151-250W
ASUS GeForce RTX 2080 Super ROG Strix O8G White Edition,ASUS,8GB,151-250W
ASUS GeForce RTX 2080 Super Turbo 8G Evo,ASUS,8GB,151-250W
ASUS GeForce RTX 2080 Ti Dual 1,ASUS,12GB,251-350W
ASUS GeForce RTX 2080 Ti Dual A1,ASUS,12GB,151-250W
ASUS GeForce RTX 2080 Ti Dual O1,ASUS,12GB,251-350W
ASUS GeForce RTX 2080 Ti ROG Strix 1,ASUS,12GB,151-250W
ASUS GeForce RTX 2080 Ti ROG Strix A1,ASUS,12GB,251-350W
ASUS GeForce RTX 2080 Ti ROG Strix O1,ASUS,12GB,151-250W
ASUS GeForce RTX 2080 Ti ROG Strix O11G White Edition,ASUS,12GB,251-350W
ASUS GeForce RTX 2080 Ti Turbo 1,ASUS,12GB,251-350W
ASUS GeForce RTX 3060 Ti Dual Mini V2 8G LHR,ASUS,8GB,151-250W
ASUS GeForce RTX 3060 Ti TUF,ASUS,8GB,151-250W
ASUS GeForce RTX 3080 ROG Strix,ASUS,12GB,251-350W
ASUS GeForce RTX 3080 TUF,ASUS,12GB,251-350W
ASUS GeForce RTX 4060 Ti Dual,ASUS,24GB+,151-250W
ASUS GeForce RTX 4060 Ti Dual A,ASUS,24GB+,151-250W
ASUS GeForce RTX 4060 Ti ProArt,ASUS,24GB+,151-250W
ASUS GeForce RTX 4060 Ti ProArt A,ASUS,24GB+,151-250W
ASUS GeForce RTX 4060 Ti Strix,ASUS,24GB+,151-250W
ASUS GeForce RTX 4060 Ti Strix A,ASUS,24GB+,151-250W
Asus GT1030 2G CSM,ASUS,4GB,<=150W
ASUS GTX 650 Ti Boost DirectCU II OC,ASUS,4GB,<=150W
ASUS GTX 760 DirectCU II OC,ASUS,4GB,151-250W
Asus PH GT1030 O2G,ASUS,4GB,<=150W
Asus PH GTX 1050 2G,ASUS,4GB,<=150W
Asus PH GTX 1050TI 4G,ASUS,4GB,<=150W
Asus PH GTX 1060 3G,ASUS,4GB,<=150W
Asus PH GTX 1060 6G,ASUS,6GB,<=150W
Asus PH RX 550 4G M7,ASUS,4GB,<=150W
Asus R7250 1GD5 V2,ASUS,4GB,
Asus R9 270 DirectCU II,ASUS,4GB,<=150W
Asus R9 270X DirectCU II,ASUS,4GB,151-250W
ASUS Radeon RX 460 Dual O2G,ASUS,4GB,<=150W
ASUS Radeon RX 460 STRIX O4G Gaming,ASUS,4GB,<=150W
ASUS Radeon RX 480 Dual O4G,ASUS,4GB,<=150W
ASUS Radeon RX 550 4G,ASUS,4GB,<=150W
ASUS Radeon RX 5500 XT Dual O8G Evo,ASUS,8GB,<=150W
ASUS Radeon RX 5500 XT ROG Strix,ASUS,8GB,<=150W
ASUS Radeon RX 560 2G,ASUS,4GB,<=150W
ASUS Radeon RX 560 4G EVO,ASUS,4GB,<=150W
ASUS Radeon RX 560 O2G,ASUS,4GB,<=150W
ASUS Radeon RX 560 O4G EVO,ASUS,4GB,<=150W
ASUS Radeon RX 560 STRIX 4G Gaming,ASUS,4GB,<=150W
ASUS Radeon RX 560 STRIX O4G Gaming,ASUS,4GB,<=150W
ASUS Radeon RX 5600 XT ROG Strix,ASUS,6GB,151-250W
ASUS Radeon RX 5600 XT TUF O6G Evo,ASUS,6GB,151-250W
ASUS Radeon RX 570 Expedition 4G,ASUS,4GB,<=150W
ASUS Radeon RX 570 Expedition O4G,ASUS,4GB,<=150W
ASUS Radeon RX 570 STRIX 4G Gaming,ASUS,4GB,<=150W
ASUS Radeon RX 570 STRIX O4G Gaming,ASUS,4GB,<=150W
ASUS Radeon RX 5700,ASUS,8GB,151-250W
ASUS Radeon RX 5700 Dual O8G Evo,ASUS,8GB,151-250W
ASUS Radeon RX 5700 ROG Strix,ASUS,8GB,151-250W
ASUS Radeon RX 5700 TUF,ASUS,8GB,151-250W
ASUS Radeon RX 5700 XT,ASUS,8GB,151-250W
ASUS Radeon RX 5700 XT Dual OC Evo,ASUS,8GB,151-250W
ASUS Radeon RX 5700 XT ROG Strix,ASUS,8GB,151-250W
ASUS Radeon RX 5700 XT TUF,ASUS,8GB,151-250W
ASUS Radeon RX 580 Dual O4G,ASUS,4GB,151-250W
ASUS Radeon RX 580 Dual O8G,ASUS,8GB,151-250W
ASUS Radeon RX 580 STRIX 8G Gaming,ASUS,8GB,151-250W
ASUS Radeon RX 580 STRIX O8G Gaming,ASUS,8GB,151-250W
ASUS Radeon RX 580 STRIX T8G Gaming,ASUS,8GB,151-250W
ASUS Radeon RX 590 ROG STRIX 8G Gaming,ASUS,8GB,151-250W
ASUS Radeon RX 6400 Dual,ASUS,4GB,<=150W
ASUS Radeon RX 6400 Phoenix,ASUS,4GB,<=150W
ASUS Radeon RX 7600 Dual O8G V2,ASUS,8GB,151-250W
ASUS Radeon RX 7900 XT TUF,ASUS,24GB+,251-350W
ASUS Radeon RX 7900 XTX TUF,ASUS,24GB+,>350W
ASUS Radeon RX Vega 56 STRIX O8G Gaming,ASUS,8GB,151-250W
ASUS Radeon VII,ASUS,24GB+,251-350W
ASUS ROG Matrix GTX 780 Ti Platinum,ASUS,4GB,151-250W
Asus ROG POSEIDON GTX 1080TI P11G GAMING,ASUS,12GB,151-250W
Asus ROG STRIX GTX 1050TI 4G GAMING,ASUS,4GB,<=150W
Asus ROG STRIX GTX 1050TI O4G GAMING,ASUS,4GB,<=150W
Asus ROG STRIX GTX 1060 6G GAMING,ASUS,6GB,<=150W
Asus ROG STRIX GTX 1060 O6G GAMING,ASUS,6GB,<=150W
Asus ROG STRIX GTX 1070 8G GAMING,ASUS,8GB,<=150W
Asus ROG STRIX GTX 1070TI 8G GAMING,ASUS,8GB,151-250W
Asus ROG STRIX GTX 1080 8G GAMING,ASUS,8GB,151-250W
Asus ROG STRIX GTX 1080 A8G 11GBPS,ASUS,8GB,151-250W
Asus ROG STRIX GTX 1080 A8G GAMING,ASUS,8GB,151-250W
Asus ROG STRIX GTX 1080TI 11G GAMING,ASUS,12GB,151-250W
Asus ROG STRIX GTX 1080TI O11G GAMING,ASUS,12GB,151-250W
Asus ROG STRIX RX 560 O4G EVO GAMING,ASUS,4GB,<=150W
Asus ROG STRIX RX 580 8G GAMING,ASUS,8GB,151-250W
Asus RX 550 2G,ASUS,4GB,<=150W
Asus RX 560 4G,ASUS,4GB,<=150W
Asus RX 560 O2G,ASUS,4GB,<=150W
Asus RX 560 O4G,ASUS,4GB,<=150W
Asus Strix Geforce GTX 960,ASUS,4GB,<=150W
Asus Strix Geforce GTX 970,ASUS,4GB,151-250W
Asus Strix Geforce GTX 980,ASUS,4GB,251-350W
Asus Strix R9 380X,ASUS,4GB,151-250W
Asus Strix R9 390X,ASUS,8GB,251-350W
Asus Strix RX 470,ASUS,4GB,<=150W
ASUS TUF Gaming GeForce GTX 1660 Ti Evo Top Edition,ASUS,6GB,<=150W
Asus TURBO GTX 1060 6G,ASUS,6GB,<=150W
Asus TURBO GTX 1070 8G,ASUS,8GB,<=150W
Asus TURBO GTX 1070TI 8G,ASUS,8GB,151-250W
Asus TURBO GTX 1080 8G,ASUS,8GB,151-250W
Asus TURBO GTX 1080TI 11G,ASUS,12GB,151-250W
Club 3D GeForce GTS 450,Club 3D,4GB,<=150W
Club 3D R9 280 royalKing,Club 3D,4GB,151-250W
Club 3D R9 285 royalQueen,Club 3D,4GB,151-250W
EVGA GeForce GT 1030 SC,EVGA,4GB,<=150W
EVGA GeForce GTX 1050 FTW Gaming ACX 3.0,EVGA,4GB,<=150W
EVGA GeForce GTX 1050 Gaming,EVGA,4GB,<=150W
EVGA GeForce GTX 1050 SC Gaming,EVGA,4GB,<=150W
EVGA GeForce GTX 1050 SSC Gaming ACX 3.0,EVGA,4GB,<=150W
EVGA GeForce GTX 1050 Ti FTW Gaming,EVGA,4GB,<=150W
EVGA GeForce GTX 1050 Ti Gaming ACX 2.0,EVGA,4GB,<=150W
EVGA GeForce GTX 1050 Ti SC Gaming ACX 2.0,EVGA,4GB,<=150W
EVGA GeForce GTX 1050 Ti SSC Gaming ACX 3.0,EVGA,4GB,<=150W
EVGA GeForce GTX 1060,EVGA,6GB,<=150W
EVGA GeForce GTX 1060 FTW Gaming,EVGA,6GB,<=150W
EVGA GeForce GTX 1060 FTW+ Gaming ACX 3.0,EVGA,4GB,<=150W
EVGA GeForce GTX 1060 FTW+ Gaming ACX 3.0,EVGA,6GB,<=150W
EVGA GeForce GTX 1060 FTW2+ Gaming,EVGA,6GB,<=150W
EVGA GeForce GTX 1060 Gaming,EVGA,4GB,<=150W
EVGA GeForce GTX 1060 Gaming,EVGA,6GB,<=150W
EVGA GeForce GTX 1060 Gaming ACX 2.0,EVGA,4GB,<=150W
EVGA GeForce GTX 1060 Gaming ACX 3.0,EVGA,6GB,<=150W
EVGA GeForce GTX 1060 SC Gaming,EVGA,4GB,<=150W
EVGA GeForce GTX 1060 SC Gaming,EVGA,6GB,<=150W
EVGA GeForce GTX 1060 SSC DT Gaming ACX 3.0,EVGA,6GB,<=150W
EVGA GeForce GTX 1060 SSC Gaming ACX 3.0,EVGA,4GB,<=150W
EVGA GeForce GTX 1060 SSC Gaming ACX 3.0,EVGA,6GB,<=150W
EVGA GeForce GTX 1070 Founders Edition,EVGA,8GB,<=150W
EVGA GeForce GTX 1070 FTW Gaming ACX 3.0,EVGA,8GB,<=150W
EVGA GeForce GTX 1070 FTW Hybrid Gaming,EVGA,8GB,<=150W
EVGA GeForce GTX 1070 FTW2 Gaming iCX,EVGA,8GB,<=150W
EVGA GeForce GTX 1070 Gaming ACX 3.0,EVGA,8GB,<=150W
EVGA GeForce GTX 1070 Hybrid Gaming,EVGA,8GB,<=150W
EVGA GeForce GTX 1070 SC 2 Gaming iCX,EVGA,8GB,<=150W
EVGA GeForce GTX 1070 SC Gaming ACX 3.0,EVGA,8GB,<=150W
EVGA GeForce GTX 1070 SC Gaming ACX 3.0 Black Edition,EVGA,8GB,<=150W
EVGA GeForce GTX 1070 Ti FTW Ultra Silent,EVGA,8GB,151-250W
EVGA GeForce GTX 1070 Ti FTW2 Gaming iCX,EVGA,8GB,151-250W
EVGA GeForce GTX 1070 Ti Gaming,EVGA,8GB,151-250W
EVGA GeForce GTX 1070 Ti SC Gaming ACX 3.0 Black Edition,EVGA,8GB,151-250W
EVGA GeForce GTX 1070 Ti SC Hybrid,EVGA,8GB,151-250W
EVGA GeForce GTX 1080 Classified Gaming ACX 3.0,EVGA,8GB,151-250W
EVGA GeForce GTX 1080 Founders Edition,EVGA,8GB,151-250W
EVGA GeForce GTX 1080 FTW DT Gaming ACX 3.0,EVGA,8GB,151-250W
EVGA GeForce GTX 1080 FTW Gaming ACX 3.0,EVGA,8GB,151-250W
EVGA GeForce GTX 1080 FTW Hybrid Gaming,EVGA,8GB,151-250W
EVGA GeForce GTX 1080 FTW2 Gaming iCX,EVGA,8GB,151-250W
EVGA GeForce GTX 1080 Gaming,EVGA,8GB,151-250W
EVGA GeForce GTX 1080 Hybrid Gaming,EVGA,8GB,151-250W
EVGA GeForce GTX 1080 SC 2 Gaming iCX,EVGA,8GB,151-250W
EVGA GeForce GTX 1080 SC Gaming ACX 3.0,EVGA,8GB,151-250W
EVGA GeForce GTX 1080 Ti Founders Edition,EVGA,12GB,151-250W
EVGA GeForce GTX 1080 Ti FTW3 12 Gbps Elite,EVGA,12GB,151-250W
EVGA GeForce GTX 1080 Ti FTW3 Gaming iCX,EVGA,12GB,151-250W
EVGA GeForce GTX 1080 Ti FTW3 Hybrid Gaming,EVGA,12GB,151-250W
EVGA GeForce GTX 1080 Ti Gaming,EVGA,12GB,151-250W
EVGA GeForce GTX 1080 Ti K|NGP|N Gaming,EVGA,12GB,151-250W
EVGA GeForce GTX 1080 Ti SC Black Edition iCX,EVGA,12GB,151-250W
EVGA GeForce GTX 1080 Ti SC2 Gaming iCX,EVGA,12GB,151-250W
EVGA GeForce GTX 1080 Ti SC2 Hybrid Gaming iCX,EVGA,12GB,151-250W
EVGA GeForce GTX 1650 KO Ultra Gaming,EVGA,4GB,<=150W
EVGA GeForce GTX 1650 SC Ultra Gaming,EVGA,4GB,<=150W
EVGA GeForce GTX 1650 SC Ultra Gaming GDDR6,EVGA,4GB,<=150W
EVGA GeForce GTX 1650 Super SC Ultra,EVGA,4GB,<=150W
EVGA GeForce GTX 1660 SC Ultra Gaming,EVGA,6GB,<=150W
EVGA GeForce GTX 1660 Super Black Gaming,EVGA,6GB,<=150W
EVGA GeForce GTX 1660 Super SC Ultra,EVGA,6GB,<=150W
EVGA GeForce GTX 1660 Super SC Ultra Black,EVGA,6GB,<=150W
EVGA GeForce GTX 1660 Ti SC Ultra Gaming,EVGA,6GB,<=150W
EVGA GeForce GTX 1660 Ti XC Black Gaming,EVGA,6GB,<=150W
EVGA GeForce GTX 1660 Ti XC Gaming,EVGA,6GB,<=150W
EVGA GeForce GTX 1660 XC,EVGA,6GB,<=150W
EVGA GeForce GTX 1660 XC Black,EVGA,6GB,<=150W
EVGA GeForce GTX 1660 XC Ultra,EVGA,6GB,<=150W
EVGA GeForce GTX 670 FTW,EVGA,4GB,151-250W
EVGA GeForce GTX 680,EVGA,4GB,151-250W
EVGA GeForce RTX 2060 KO Gaming,EVGA,6GB,151-250W
EVGA GeForce RTX 2060 KO Ultra Gaming,EVGA,6GB,151-250W
EVGA GeForce RTX 2060 SC Black Gaming,EVGA,6GB,151-250W
EVGA GeForce RTX 2060 SC Gaming,EVGA,6GB,151-250W
EVGA GeForce RTX 2060 Super SC Black,EVGA,8GB,151-250W
EVGA GeForce RTX 2060 Super SC Ultra Gaming,EVGA,8GB,151-250W
EVGA GeForce RTX 2060 Super XC Gaming,EVGA,8GB,151-250W
EVGA GeForce RTX 2060 Super XC Ultra Gaming,EVGA,8GB,151-250W
EVGA GeForce RTX 2060 XC Black Gaming,EVGA,6GB,151-250W
EVGA GeForce RTX 2060 XC Gaming,EVGA,6GB,151-250W
EVGA GeForce RTX 2060 XC Ultra Black Gaming,EVGA,6GB,151-250W
EVGA GeForce RTX 2060 XC Ultra Gaming,EVGA,6GB,151-250W
EVGA GeForce RTX 2070 Black Edition,EVGA,8GB,151-250W
EVGA GeForce RTX 2070 Super Black Gaming,EVGA,8GB,251-350W
EVGA GeForce RTX 2070 Super FTW3 Ultra Gaming,EVGA,8GB,251-350W
EVGA GeForce RTX 2070 Super FTW3 Ultra+,EVGA,8GB,151-250W
EVGA GeForce RTX 2070 Super Gaming,EVGA,8GB,251-350W
EVGA GeForce RTX 2070 Super KO Gaming,EVGA,8GB,151-250W
EVGA GeForce RTX 2070 Super XC Gaming,EVGA,8GB,251-350W
EVGA GeForce RTX 2070 Super XC Hybrid Gaming,EVGA,8GB,251-350W
EVGA GeForce RTX 2070 Super XC Ultra Gaming,EVGA,8GB,251-350W
EVGA GeForce RTX 2070 Super XC Ultra+,EVGA,8GB,151-250W
EVGA GeForce RTX 2070 XC,EVGA,8GB,151-250W
EVGA GeForce RTX 2070 XC Ultra,EVGA,8GB,151-250W
EVGA GeForce RTX 2080 Super Black Gaming,EVGA,8GB,151-250W
EVGA GeForce RTX 2080 Super FTW3 Hybrid,EVGA,8GB,151-250W
EVGA GeForce RTX 2080 Super FTW3 Hydro Copper Gaming,EVGA,8GB,151-250W
EVGA GeForce RTX 2080 Super FTW3 Ultra Gaming,EVGA,8GB,151-250W
EVGA GeForce RTX 2080 Super KO Gaming,EVGA,8GB,151-250W
EVGA GeForce RTX 2080 Super XC Gaming,EVGA,8GB,151-250W
EVGA GeForce RTX 2080 Super XC Hybrid Gaming,EVGA,8GB,151-250W
EVGA GeForce RTX 2080 Super XC Ultra Gaming,EVGA,8GB,151-250W
EVGA GeForce RTX 2080 Ti,EVGA,12GB,151-250W
EVGA GeForce RTX 2080 Ti Black Edition Gaming,EVGA,12GB,151-250W
EVGA GeForce RTX 2080 Ti FTW3 Gaming iCX,EVGA,12GB,151-250W
EVGA GeForce RTX 2080 Ti FTW3 Hydro Copper iCX,EVGA,12GB,251-350W
EVGA GeForce RTX 2080 Ti FTW3 Ultra Gaming iCX,EVGA,12GB,151-250W
EVGA GeForce RTX 2080 Ti FTW3 Ultra Hybrid Gaming,EVGA,12GB,151-250W
EVGA GeForce RTX 2080 Ti K|NGP|N Gaming,EVGA,12GB,151-250W
EVGA GeForce RTX 2080 Ti XC,EVGA,12GB,251-350W
EVGA GeForce RTX 2080 Ti XC Black Edition Gaming,EVGA,12GB,151-250W
EVGA GeForce RTX 2080 Ti XC Hybrid Gaming,EVGA,12GB,151-250W
EVGA GeForce RTX 2080 Ti XC Ultra,EVGA,12GB,251-350W
EVGA GeForce RTX 2080 Ti XC2 Ultra Gaming,EVGA,12GB,151-250W
EVGA GeForce RTX 2080 XC,EVGA,8GB,151-250W
EVGA GeForce RTX 2080 XC Ultra,EVGA,8GB,151-250W
EVGA GeForce RTX 3080 FTW3 Ultra Gaming,EVGA,12GB,251-350W
EVGA GeForce RTX 3080 FTW3 Ultra Hydro Copper,EVGA,12GB,251-350W
EVGA GeForce RTX 3080 Ti FTW3 Ultra Hydro Copper Gaming,EVGA,12GB,251-350W
EVGA GeForce RTX 3080 Ti XC3 Ultra Hydro Copper Gaming,EVGA,12GB,251-350W
EVGA GeForce RTX 3080 XC3 Ultra Gaming,EVGA,12GB,251-350W
EVGA GeForce RTX 3090 FTW3 Ultra Hydro Copper,EVGA,24GB+,251-350W
EVGA GT 720 Low Profile,EVGA,4GB,<=150W
EVGA GT 740 Superclocked,EVGA,4GB,<=150W
EVGA GTX 460 Superclocked EE,EVGA,4GB,151-250W
EVGA GTX 470 Superclocked,EVGA,4GB,151-250W
EVGA GTX 480 Superclocked,EVGA,4GB,151-250W
EVGA GTX 550 Ti,EVGA,4GB,<=150W
EVGA GTX 560 Superclocked,EVGA,4GB,<=150W
EVGA GTX 560 Ti FPB,EVGA,4GB,151-250W
EVGA GTX 570 HD Superclocked,EVGA,4GB,151-250W
EVGA GTX 580 Superclocked,EVGA,4GB,151-250W
EVGA GTX 650,EVGA,4GB,<=150W
EVGA GTX 650 Ti 2 GB,EVGA,4GB,<=150W
EVGA GTX 660 Superclocked,EVGA,4GB,<=150W
Gainward GeForce GTX 1060,Gainward,6GB,<=150W
Gainward GeForce GTX 1060,Gainward,4GB,<=150W
Gainward GeForce GTX 1060 Phoenix,Gainward,6GB,<=150W
Gainward GeForce GTX 1060 Phoenix GS,Gainward,6GB,<=150W
Gainward GeForce GTX 1070 Dual,Gainward,8GB,<=150W
Gainward GeForce GTX 1070 Phoenix,Gainward,8GB,<=150W
Gainward GeForce GTX 1070 Phoenix GLH,Gainward,8GB,<=150W
Gainward GeForce GTX 1070 Phoenix GS,Gainward,8GB,<=150W
Gainward GeForce GTX 1080 Phoenix,Gainward,8GB,151-250W
Gainward GeForce GTX 1080 Phoenix GLH,Gainward,8GB,151-250W
Gainward GeForce GTX 1080 Phoenix GS,Gainward,8GB,151-250W
Gainward GeForce GTX 1080 Ti Founders Edition,Gainward,12GB,151-250W
Gainward GeForce GTX 1080 Ti Golden Sample,Gainward,12GB,151-250W
Gainward GeForce GTX 1660 Ti Pegasus 6G,Gainward,6GB,<=150W
Gainward GeForce GTX 1660 Ti Pegasus OC 6G,Gainward,6GB,<=150W
Gainward GeForce RTX 2060 Phoenix GS,Gainward,6GB,151-250W
Gainward GeForce RTX 2070 Phoenix,Gainward,8GB,151-250W
Gainward GeForce RTX 2070 Phoenix GS,Gainward,8GB,151-250W
Gainward GeForce RTX 2080 Phoenix GS,Gainward,8GB,151-250W
Gainward GeForce RTX 2080 Ti Phoenix,Gainward,12GB,251-350W
Gainward GeForce RTX 2080 Ti Phoenix GS,Gainward,12GB,251-350W
Galax RTX 2060 OC,Galax,6GB,151-250W
Gigabyte Aorus GeForce GTX 1660 Ti 6G,Gigabyte,6GB,<=150W
Gigabyte Aorus GeForce RTX 2060 Super,Gigabyte,8GB,151-250W
Gigabyte Aorus GeForce RTX 2060 Xtreme 6G,Gigabyte,6GB,151-250W
Gigabyte Aorus GeForce RTX 2070 Super,Gigabyte,8GB,251-350W
Gigabyte Aorus GeForce RTX 2070 Super Gaming OC,Gigabyte,8GB,251-350W
Gigabyte Aorus GeForce RTX 2080 Super,Gigabyte,8GB,151-250W
Gigabyte Aorus GeForce RTX 2080 Super Waterforce,Gigabyte,8GB,151-250W
Gigabyte Aorus GeForce RTX 2080 Super Waterforce WB,Gigabyte,8GB,151-250W
Gigabyte Aorus GeForce RTX 2080 Ti 1,Gigabyte,12GB,151-250W
Gigabyte Aorus GeForce RTX 2080 Ti Xtreme 1,Gigabyte,12GB,151-250W
Gigabyte Aorus GeForce RTX 2080 Ti Xtreme Waterforce 1,Gigabyte,12GB,151-250W
Gigabyte Aorus GeForce RTX 2080 Ti Xtreme Waterforce WB 1,Gigabyte,12GB,151-250W
Gigabyte Aorus GeForce RTX 3080 Master 12G LHR,Gigabyte,12GB,251-350W
Gigabyte Aorus GeForce RTX 3080 Xtreme Waterforce 10G LHR,Gigabyte,12GB,251-350W
Gigabyte Aorus GeForce RTX 3080 Xtreme Waterforce 12G LHR,Gigabyte,12GB,251-350W
Gigabyte Aorus GeForce RTX 3080 Xtreme Waterforce WB 10G LHR,Gigabyte,12GB,251-350W
Gigabyte Aorus GeForce RTX 3080 Xtreme Waterforce WB 12G LHR,Gigabyte,12GB,251-350W
Gigabyte Aorus GeForce RTX 3090 Ti Xtreme Waterforce,Gigabyte,24GB+,>350W
GIGABYTE Aorus GeForce RTX 4080 Xtreme Waterforce,Gigabyte,24GB+,251-350W
GIGABYTE Aorus GeForce RTX 4080 Xtreme Waterforce WB,Gigabyte,24GB+,251-350W
Gigabyte Aorus Radeon RX 5700 XT,Gigabyte,8GB,151-250W
Gigabyte Aorus Radeon RX 6900 XT Xtreme Waterforce WB,Gigabyte,24GB+,251-350W
GIGABYTE Aorus Radeon RX 7900 XTX Elite,Gigabyte,24GB+,>350W
Gigabyte GeForce GT 1030,Gigabyte,4GB,<=150W
Gigabyte GeForce GT 1030 Low Profile D4,Gigabyte,4GB,<=150W
Gigabyte GeForce GT 1030 OC 2G,Gigabyte,4GB,<=150W
Gigabyte GeForce GT 1030 Silent,Gigabyte,4GB,<=150W
Gigabyte GeForce GT 610 Silent,Gigabyte,4GB,<=150W
Gigabyte GeForce GTX 1050,Gigabyte,4GB,<=150W
Gigabyte GeForce GTX 1050 OC,Gigabyte,4GB,<=150W
Gigabyte GeForce GTX 1050 Ti,Gigabyte,4GB,<=150W
Gigabyte GeForce GTX 1050 Ti G1 Gaming,Gigabyte,4GB,<=150W
Gigabyte GeForce GTX 1050 Ti OC,Gigabyte,4GB,<=150W
Gigabyte GeForce GTX 1050 Ti WindForce 2X OC,Gigabyte,4GB,<=150W
Gigabyte GeForce GTX 1050 WindForce 2X,Gigabyte,4GB,<=150W
Gigabyte GeForce GTX 1060 Aorus 6G 9 Gbps,Gigabyte,6GB,<=150W
Gigabyte GeForce GTX 1060 Aorus Xtreme 6G,Gigabyte,6GB,<=150W
Gigabyte GeForce GTX 1060 G1 Gaming,Gigabyte,6GB,<=150W
Gigabyte GeForce GTX 1060 G1 Gaming,Gigabyte,4GB,<=150W
Gigabyte GeForce GTX 1060 Mini ITX OC 6G,Gigabyte,6GB,<=150W
Gigabyte GeForce GTX 1060 OC WindForce 2X,Gigabyte,4GB,<=150W
Gigabyte GeForce GTX 1060 OC WindForce 2X,Gigabyte,6GB,<=150W
Gigabyte GeForce GTX 1060 Xtreme Gaming,Gigabyte,6GB,<=150W
Gigabyte GeForce GTX 1070 Aorus Gaming Box,Gigabyte,8GB,<=150W
Gigabyte GeForce GTX 1070 Founders Edition,Gigabyte,8GB,<=150W
Gigabyte GeForce GTX 1070 G1 Gaming,Gigabyte,8GB,<=150W
Gigabyte GeForce GTX 1070 Mini ITX OC,Gigabyte,8GB,<=150W
Gigabyte GeForce GTX 1070 OC WindForce 2X,Gigabyte,8GB,<=150W
Gigabyte GeForce GTX 1070 Ti Aorus 8G,Gigabyte,8GB,151-250W
Gigabyte GeForce GTX 1070 Ti Gaming 8G,Gigabyte,8GB,151-250W
Gigabyte GeForce GTX 1070 Xtreme Gaming,Gigabyte,8GB,<=150W
Gigabyte GeForce GTX 1080 Aorus 8G,Gigabyte,8GB,151-250W
Gigabyte GeForce GTX 1080 Aorus Xtreme 8G,Gigabyte,8GB,151-250W
Gigabyte GeForce GTX 1080 Aorus Xtreme 8G 11 Gbps,Gigabyte,8GB,151-250W
Gigabyte GeForce GTX 1080 G1 Gaming,Gigabyte,8GB,151-250W
Gigabyte GeForce GTX 1080 Mini ITX 8G,Gigabyte,8GB,151-250W
Gigabyte GeForce GTX 1080 Ti Aorus 11G,Gigabyte,12GB,151-250W
Gigabyte GeForce GTX 1080 Ti Aorus Xtreme 11G,Gigabyte,12GB,151-250W
Gigabyte GeForce GTX 1080 Ti Founders Edition,Gigabyte,12GB,151-250W
Gigabyte GeForce GTX 1080 Ti Gaming OC,Gigabyte,12GB,151-250W
Gigabyte GeForce GTX 1080 Ti Gaming OC Black,Gigabyte,12GB,151-250W
Gigabyte GeForce GTX 1080 Ti Turbo,Gigabyte,12GB,151-250W
Gigabyte GeForce GTX 1080 Ti Waterforce W Xtreme 11G,Gigabyte,12GB,151-250W
Gigabyte GeForce GTX 1080 WindForce OC 8G,Gigabyte,8GB,151-250W
Gigabyte GeForce GTX 1080 Xtreme Gaming Premium Pack,Gigabyte,8GB,151-250W
Gigabyte GeForce GTX 1080 Xtreme Gaming Water Cooling,Gigabyte,8GB,151-250W
Gigabyte GeForce GTX 1650 D6 OC,Gigabyte,4GB,<=150W
Gigabyte GeForce GTX 1650 D6 WindForce OC,Gigabyte,4GB,<=150W
Gigabyte GeForce GTX 1650 Gaming OC 4G (Rev. 2.0),Gigabyte,4GB,<=150W
"Gigabyte GeForce GTX 1650 Mini ITX OC 4G, 4096 MB GDDR5",Gigabyte,4GB,<=150W
"Gigabyte GeForce GTX 1650 OC 4G, 4096 MB GDDR5",Gigabyte,4GB,<=150W
Gigabyte GeForce GTX 1650 Super OC,Gigabyte,4GB,<=150W
"Gigabyte GeForce GTX 1650 WindForce OC 4G, 4096 MB GDDR5",Gigabyte,4GB,<=150W
Gigabyte GeForce GTX 1660 Gaming,Gigabyte,6GB,<=150W
Gigabyte GeForce GTX 1660 Gaming OC,Gigabyte,6GB,<=150W
Gigabyte GeForce GTX 1660 OC,Gigabyte,6GB,<=150W
Gigabyte GeForce GTX 1660 Super Gaming OC,Gigabyte,6GB,<=150W
Gigabyte GeForce GTX 1660 Super OC,Gigabyte,6GB,<=150W
Gigabyte GeForce GTX 1660 Ti Gaming OC 6G,Gigabyte,6GB,<=150W
Gigabyte GeForce GTX 1660 Ti Mini ITX OC 6G,Gigabyte,6GB,<=150W
Gigabyte GeForce GTX 1660 Ti OC 6G,Gigabyte,6GB,<=150W
Gigabyte GeForce GTX 1660 Ti WindForce OC 6G,Gigabyte,6GB,<=150W
Gigabyte GeForce GTX 690,Gigabyte,4GB,251-350W
Gigabyte GeForce RTX 2060 D6,Gigabyte,6GB,151-250W
Gigabyte GeForce RTX 2060 Gaming OC 6G,Gigabyte,6GB,151-250W
Gigabyte GeForce RTX 2060 Gaming OC Pro 6G,Gigabyte,6GB,151-250W
Gigabyte GeForce RTX 2060 Mini ITX OC 6G,Gigabyte,6GB,151-250W
Gigabyte GeForce RTX 2060 OC 6G,Gigabyte,6GB,151-250W
Gigabyte GeForce RTX 2060 Super Gaming OC,Gigabyte,8GB,151-250W
Gigabyte GeForce RTX 2060 Super Gaming OC 3X 8G White,Gigabyte,8GB,151-250W
Gigabyte GeForce RTX 2060 Super Gaming OC 3X White 8G (Rev. 2.0),Gigabyte,8GB,151-250W
Gigabyte GeForce RTX 2060 Super WindForce OC,Gigabyte,8GB,151-250W
Gigabyte GeForce RTX 2060 WindForce OC 6G,Gigabyte,6GB,151-250W
Gigabyte GeForce RTX 2070 Super Gaming OC 3X,Gigabyte,8GB,251-350W
Gigabyte GeForce RTX 2070 Super Gaming OC 3X 8G White,Gigabyte,8GB,251-350W
Gigabyte GeForce RTX 2070 Super Windforce OC 3X,Gigabyte,8GB,251-350W
Gigabyte GeForce RTX 2070 Windforce 2X 8G 3.,Gigabyte,8GB,151-250W
Gigabyte GeForce RTX 2080 Gaming OC,Gigabyte,8GB,151-250W
Gigabyte GeForce RTX 2080 Super Gaming OC,Gigabyte,8GB,151-250W
Gigabyte GeForce RTX 2080 Super Gaming OC Waterforce WB,Gigabyte,8GB,151-250W
Gigabyte GeForce RTX 2080 Super Gaming OC White,Gigabyte,8GB,151-250W
Gigabyte GeForce RTX 2080 Super Turbo,Gigabyte,8GB,151-250W
Gigabyte GeForce RTX 2080 Ti Gaming OC,Gigabyte,12GB,151-250W
Gigabyte GeForce RTX 2080 Ti Turbo 11G (rev. 2.0),Gigabyte,12GB,151-250W
Gigabyte GeForce RTX 2080 Ti Turbo OC 1,Gigabyte,12GB,251-350W
Gigabyte GeForce RTX 2080 Ti Turbo OC 11G (Rev. 2.0),Gigabyte,12GB,151-250W
Gigabyte GeForce RTX 2080 Ti WindForce 1,Gigabyte,12GB,151-250W
Gigabyte GeForce RTX 2080 Ti WindForce OC 11G,Gigabyte,12GB,251-350W
Gigabyte GeForce RTX 2080 WindForce OC 8G,Gigabyte,8GB,151-250W
GIGABYTE GeForce RTX 3060 Windforce OC,Gigabyte,12GB,151-250W
Gigabyte GeForce RTX 3080 Eagle,Gigabyte,12GB,251-350W
Gigabyte GeForce RTX 3080 Gaming OC,Gigabyte,12GB,251-350W
GIGABYTE GeForce RTX 4060 Ti Aero OC,Gigabyte,24GB+,151-250W
GIGABYTE GeForce RTX 4060 Ti Gaming OC,Gigabyte,24GB+,151-250W
Gigabyte GT 730,Gigabyte,4GB,<=150W
GIGABYTE GTX 770 WindForce 3X OC,Gigabyte,4GB,151-250W
Gigabyte GTX 980 Ti Gaming G1,Gigabyte,6GB,151-250W
Gigabyte HD 7950 Windforce,Gigabyte,4GB,151-250W
Gigabyte HD 7970 Windforce 3X OC,Gigabyte,4GB,151-250W
Gigabyte Radeon HD 7990,Gigabyte,4GB,>350W
Gigabyte Radeon RX 460 WindForce OC 2G,Gigabyte,4GB,<=150W
Gigabyte Radeon RX 460 WindForce OC 4G,Gigabyte,4GB,<=150W
Gigabyte Radeon RX 550 2G,Gigabyte,4GB,<=150W
Gigabyte Radeon RX 550 Gaming OC 2G,Gigabyte,4GB,<=150W
Gigabyte Radeon RX 5500 XT Gaming OC,Gigabyte,8GB,<=150W
Gigabyte Radeon RX 5500 XT Gaming OC,Gigabyte,4GB,<=150W
Gigabyte Radeon RX 5500 XT OC,Gigabyte,8GB,<=150W
Gigabyte Radeon RX 5500 XT OC,Gigabyte,4GB,<=150W
Gigabyte Radeon RX 560 Gaming OC 2G,Gigabyte,4GB,<=150W
Gigabyte Radeon RX 560 Gaming OC 4G,Gigabyte,4GB,<=150W
Gigabyte Radeon RX 560 OC 4G,Gigabyte,4GB,<=150W
Gigabyte Radeon RX 5600 XT Gaming OC,Gigabyte,6GB,<=150W
Gigabyte Radeon RX 5600 XT Windforce OC,Gigabyte,6GB,<=150W
Gigabyte Radeon RX 570 Aorus 4G,Gigabyte,4GB,<=150W
Gigabyte Radeon RX 570 Gaming 4G,Gigabyte,4GB,<=150W
Gigabyte Radeon RX 5700,Gigabyte,8GB,151-250W
Gigabyte Radeon RX 5700 Gaming OC,Gigabyte,8GB,151-250W
Gigabyte Radeon RX 5700 XT,Gigabyte,8GB,151-250W
Gigabyte Radeon RX 5700 XT Gaming OC,Gigabyte,8GB,151-250W
Gigabyte Radeon RX 5700 XT Gaming OC Rev 2.0,Gigabyte,8GB,151-250W
Gigabyte Radeon RX 580 Aorus 4G,Gigabyte,4GB,151-250W
Gigabyte Radeon RX 580 Aorus 8G,Gigabyte,8GB,151-250W
Gigabyte Radeon RX 580 Aorus XTR 8G,Gigabyte,8GB,151-250W
Gigabyte Radeon RX 580 Gaming 4G,Gigabyte,4GB,151-250W
Gigabyte Radeon RX 580 Gaming 8G,Gigabyte,8GB,151-250W
Gigabyte Radeon RX 590 Gaming 8G (Rev. 2.0),Gigabyte,8GB,151-250W
Gigabyte Radeon RX 6400 D6 Low Profile,Gigabyte,4GB,<=150W
Gigabyte Radeon RX 6400 Eagle,Gigabyte,4GB,<=150W
GIGABYTE Radeon RX 7900 XT Gaming OC,Gigabyte,24GB+,251-350W
GIGABYTE Radeon RX 7900 XTX Gaming OC,Gigabyte,24GB+,>350W
Gigabyte Radeon RX Vega 56 8G,Gigabyte,8GB,151-250W
Gigabyte Radeon RX Vega 56 Gaming OC,Gigabyte,8GB,151-250W
Gigabyte Radeon RX Vega 64 8G,Gigabyte,8GB,251-350W
Gigabyte Radeon RX Vega 64 Gaming OC,Gigabyte,8GB,251-350W
Gigabyte Radeon RX Vega 64 Silver 8G,Gigabyte,8GB,251-350W
Gigabyte Radeon RX Vega 64 Watercooling 8G,Gigabyte,8GB,251-350W
Gigabyte Radeon VII,Gigabyte,24GB+,251-350W
GTX 780 iChill HerculeZ X3,INNO3D,4GB,151-250W
HIS Radeon R7 240 iCooler,HIS,4GB,<=150W
INNO3D GeForce GT 1030 0dB,INNO3D,4GB,<=150W
INNO3D GeForce GTX 1050 Compact Single Slot,INNO3D,4GB,<=150W
INNO3D GeForce GTX 1050 Compact X1,INNO3D,4GB,<=150W
INNO3D GeForce GTX 1050 Ti Compact Single Slot,INNO3D,4GB,<=150W
INNO3D GeForce GTX 1050 Ti Compact X1,INNO3D,4GB,<=150W
INNO3D GeForce GTX 1050 Ti Twin X2,INNO3D,4GB,<=150W
INNO3D GeForce GTX 1060 Gaming OC X2,INNO3D,6GB,<=150W
INNO3D GeForce GTX 1060 iChill Black Edition,INNO3D,6GB,<=150W
INNO3D GeForce GTX 1060 iChill X3,INNO3D,4GB,<=150W
INNO3D GeForce GTX 1060 iChill X3,INNO3D,6GB,<=150W
INNO3D GeForce GTX 1060 iChill X3 OC 9 Gbps,INNO3D,6GB,<=150W
INNO3D GeForce GTX 1060 iChill X3 V2,INNO3D,6GB,<=150W
INNO3D GeForce GTX 1060 Twin X2,INNO3D,6GB,<=150W
INNO3D GeForce GTX 1060 Twin X2,INNO3D,4GB,<=150W
INNO3D GeForce GTX 1070 Gaming OC,INNO3D,8GB,<=150W
INNO3D GeForce GTX 1070 iChill X3,INNO3D,8GB,<=150W
INNO3D GeForce GTX 1070 iChill X4,INNO3D,8GB,<=150W
INNO3D GeForce GTX 1070 Ti iChill X3,INNO3D,8GB,151-250W
INNO3D GeForce GTX 1070 Ti iChill X4,INNO3D,8GB,151-250W
INNO3D GeForce GTX 1070 Ti Jet-Fan,INNO3D,8GB,151-250W
INNO3D GeForce GTX 1070 Ti Twin X2,INNO3D,8GB,151-250W
INNO3D GeForce GTX 1070 Twin X2,INNO3D,8GB,<=150W
INNO3D GeForce GTX 1080 Founders Edition,INNO3D,8GB,151-250W
INNO3D GeForce GTX 1080 Gaming OC,INNO3D,8GB,151-250W
INNO3D GeForce GTX 1080 iChill Black Edition,INNO3D,8GB,151-250W
INNO3D GeForce GTX 1080 iChill X3,INNO3D,8GB,151-250W
INNO3D GeForce GTX 1080 iChill X3 11 Gbps,INNO3D,8GB,151-250W
INNO3D GeForce GTX 1080 iChill X4,INNO3D,8GB,151-250W
INNO3D GeForce GTX 1080 iChill X4 11 Gbps,INNO3D,8GB,151-250W
INNO3D GeForce GTX 1080 Ti Founders Edition,INNO3D,12GB,151-250W
INNO3D GeForce GTX 1080 Ti Gaming OC,INNO3D,12GB,151-250W
INNO3D GeForce GTX 1080 Ti iChill Black Edition,INNO3D,12GB,151-250W
INNO3D GeForce GTX 1080 Ti iChill X3,INNO3D,12GB,151-250W
INNO3D GeForce GTX 1080 Ti iChill X3 Ultra,INNO3D,12GB,151-250W
INNO3D GeForce GTX 1080 Ti iChill X4,INNO3D,12GB,151-250W
INNO3D GeForce GTX 1080 Ti iChill X4 Ultra,INNO3D,12GB,151-250W
INNO3D GeForce GTX 1080 Ti Twin X2,INNO3D,12GB,151-250W
INNO3D GeForce GTX 1650 Compact,INNO3D,4GB,<=150W
INNO3D GeForce GTX 1650 Super Compact X,INNO3D,4GB,<=150W
INNO3D GeForce GTX 1650 Super Twin X2 OC,INNO3D,4GB,<=150W
INNO3D GeForce GTX 1650 Twin X2 OC,INNO3D,4GB,<=150W
INNO3D GeForce GTX 1660 Super Compact,INNO3D,6GB,<=150W
INNO3D GeForce GTX 1660 Super Twin X2,INNO3D,6GB,<=150W
INNO3D GeForce GTX 1660 Ti Twin X2,INNO3D,6GB,<=150W
INNO3D GeForce GTX 1660 Twin X2 LHR,INNO3D,6GB,<=150W
INNO3D GeForce RTX 2060 Super Compact X,INNO3D,8GB,151-250W
INNO3D GeForce RTX 2060 Super iChill X3 Ultra,INNO3D,8GB,151-250W
INNO3D GeForce RTX 2060 Super Twin X2 OC,INNO3D,8GB,151-250W
INNO3D GeForce RTX 2060 Twin X2,INNO3D,6GB,151-250W
INNO3D GeForce RTX 2070 Super iChill Black,INNO3D,8GB,251-350W
INNO3D GeForce RTX 2070 Super iChill Frostbite,INNO3D,8GB,251-350W
INNO3D GeForce RTX 2070 Super iChill X3 Ultra,INNO3D,8GB,251-350W
INNO3D GeForce RTX 2070 Super Jet,INNO3D,8GB,151-250W
INNO3D GeForce RTX 2070 Super Twin X2 OC,INNO3D,8GB,151-250W
INNO3D GeForce RTX 2070 Twin X2,INNO3D,8GB,151-250W
INNO3D GeForce RTX 2070 X2 OC,INNO3D,8GB,151-250W
INNO3D GeForce RTX 2080 Super iChill Black Edition,INNO3D,8GB,151-250W
INNO3D GeForce RTX 2080 Super iChill Frostbite,INNO3D,8GB,151-250W
INNO3D GeForce RTX 2080 Super iChill X3 Ultra,INNO3D,8GB,151-250W
INNO3D GeForce RTX 2080 Ti Gaming OC X,INNO3D,12GB,151-250W
INNO3D GeForce RTX 2080 Ti iChill Black Edition,INNO3D,12GB,251-350W
INNO3D GeForce RTX 2080 Ti iChill Frostbite,INNO3D,12GB,251-350W
INNO3D GeForce RTX 2080 Ti Jet,INNO3D,12GB,151-250W
INNO3D GeForce RTX 2080 Ti Twin X,INNO3D,12GB,251-350W
INNO3D GeForce RTX 2080 Ti X2 OC,INNO3D,12GB,
INNO3D GeForce RTX 2080 X2 OC,INNO3D,8GB,151-250W
INNO3D GeForce RTX 3080 iChill Black LHR,INNO3D,12GB,251-350W
INNO3D GeForce RTX 3080 iChill X4 LHR,INNO3D,12GB,251-350W
INNO3D GeForce RTX 4060 Ti 16GB Twin X2 OC,INNO3D,24GB+,151-250W
INNO3D GeForce RTX 4060 Ti 16GB Twin X2 OC White,INNO3D,24GB+,151-250W
INNO3D GeForce RTX 4070 Ti X3 OC White,INNO3D,12GB,251-350W
KFA2 GeForce GTX 1050 Ti OC,KFA2,4GB,<=150W
KFA2 GeForce GTX 1060 EXOC,KFA2,6GB,<=150W
KFA2 GeForce GTX 1060 OC,KFA2,6GB,<=150W
KFA2 GeForce GTX 1060 OC,KFA2,4GB,<=150W
KFA2 GeForce GTX 1070 EXOC Sniper Black,KFA2,8GB,<=150W
KFA2 GeForce GTX 1070 Hall of Fame Edition,KFA2,8GB,<=150W
KFA2 GeForce GTX 1070 Katana Single Slot,KFA2,8GB,<=150W
KFA2 GeForce GTX 1070 OC Mini,KFA2,8GB,<=150W
KFA2 GeForce GTX 1080 EXOC,KFA2,8GB,151-250W
KFA2 GeForce GTX 1080 Hall of Fame Edition,KFA2,8GB,151-250W
KFA2 GeForce GTX 1080 Ti,KFA2,12GB,151-250W
KFA2 GeForce GTX 1080 Ti EXOC,KFA2,12GB,151-250W
KFA2 GeForce GTX 1080 Ti Hall Of Fame,KFA2,12GB,151-250W
MSI GeForce GT 1030 2GH LP OC,MSI,4GB,<=150W
MSI GeForce GT 1030 2GHD4 LP OC,MSI,4GB,<=150W
MSI GeForce GT 1030 Aero ITX 2GD4 OC,MSI,4GB,<=150W
MSI GeForce GT 710 LP Passiv,MSI,4GB,<=150W
MSI GeForce GTX 1050 2G OC,MSI,4GB,<=150W
MSI GeForce GTX 1050 2GT LP,MSI,4GB,<=150W
MSI GeForce GTX 1050 2GT OC,MSI,4GB,<=150W
MSI GeForce GTX 1050 Gaming X 2G,MSI,4GB,<=150W
MSI GeForce GTX 1050 Ti 4G OC,MSI,4GB,<=150W
MSI GeForce GTX 1050 Ti 4GT LP,MSI,4GB,<=150W
MSI GeForce GTX 1050 Ti 4GT OC,MSI,4GB,<=150W
MSI GeForce GTX 1050 Ti Gaming 4G,MSI,4GB,<=150W
MSI GeForce GTX 1050 Ti Gaming X 4G,MSI,4GB,<=150W
MSI GeForce GTX 1060 6GT OCV1,MSI,6GB,<=150W
MSI GeForce GTX 1060 Aero ITX 3G OC,MSI,4GB,<=150W
MSI GeForce GTX 1060 Aero ITX 6G OC,MSI,6GB,<=150W
MSI GeForce GTX 1060 Armor 3G OCV1,MSI,4GB,<=150W
MSI GeForce GTX 1060 Armor 6G OCV1,MSI,6GB,<=150W
MSI GeForce GTX 1060 Gaming 6G,MSI,6GB,<=150W
MSI GeForce GTX 1060 Gaming X 3G,MSI,4GB,<=150W
MSI GeForce GTX 1060 Gaming X 6G,MSI,6GB,<=150W
MSI GeForce GTX 1060 Gaming X+ 6G 9 Gbps,MSI,6GB,<=150W
MSI GeForce GTX 1070 Aero ITX 8G OC,MSI,8GB,<=150W
MSI GeForce GTX 1070 Armor 8G OC,MSI,8GB,<=150W
MSI GeForce GTX 1070 Gaming 8G,MSI,8GB,<=150W
MSI GeForce GTX 1070 Gaming X 8G,MSI,8GB,<=150W
MSI GeForce GTX 1070 Gaming Z 8G,MSI,8GB,<=150W
MSI GeForce GTX 1070 Quick Silver 8G OC,MSI,8GB,<=150W
MSI GeForce GTX 1070 Sea Hawk X,MSI,8GB,<=150W
MSI GeForce GTX 1070 Ti Aero 8G,MSI,8GB,151-250W
MSI GeForce GTX 1070 Ti Armor 8G,MSI,8GB,151-250W
MSI GeForce GTX 1070 Ti Gaming 8G,MSI,8GB,151-250W
MSI GeForce GTX 1080 Aero 8G OC,MSI,8GB,151-250W
MSI GeForce GTX 1080 Armor 8G OC,MSI,8GB,151-250W
MSI GeForce GTX 1080 Founders Edition,MSI,8GB,151-250W
MSI GeForce GTX 1080 Gaming X 8G,MSI,8GB,151-250W
MSI GeForce GTX 1080 Gaming X+ 8G 11 Gbps,MSI,8GB,151-250W
MSI GeForce GTX 1080 Gaming Z 8G,MSI,8GB,151-250W
MSI GeForce GTX 1080 Sea Hawk X,MSI,8GB,151-250W
MSI GeForce GTX 1080 Ti Aero 11G OC,MSI,12GB,151-250W
MSI GeForce GTX 1080 Ti Armor 11G OC,MSI,12GB,151-250W
MSI GeForce GTX 1080 Ti Founders Edition,MSI,12GB,151-250W
MSI GeForce GTX 1080 Ti Gaming X 11G,MSI,12GB,151-250W
MSI GeForce GTX 1080 Ti Gaming X Trio,MSI,12GB,151-250W
MSI GeForce GTX 1080 Ti Sea Hawk EK X,MSI,12GB,151-250W
MSI GeForce GTX 1080 Ti Sea Hawk X,MSI,12GB,151-250W
MSI GeForce GTX 1650 Aero ITX 4G OC,MSI,4GB,<=150W
MSI GeForce GTX 1650 Aero ITX OCV1,MSI,4GB,<=150W
MSI GeForce GTX 1650 Gaming X,MSI,4GB,<=150W
"MSI GeForce GTX 1650 Gaming X 4G, 4096 MB GDDR5",MSI,4GB,<=150W
MSI GeForce GTX 1650 Super Gaming X,MSI,4GB,<=150W
MSI GeForce GTX 1650 Ventus XS 4G OC,MSI,4GB,<=150W
MSI GeForce GTX 1650 Ventus XS OCV1,MSI,4GB,<=150W
MSI GeForce GTX 1660 Gaming X,MSI,6GB,<=150W
MSI GeForce GTX 1660 Super Aero ITX OC,MSI,6GB,<=150W
MSI GeForce GTX 1660 Super Gaming X,MSI,6GB,<=150W
MSI GeForce GTX 1660 Super Ventus XS OC,MSI,6GB,<=150W
MSI GeForce GTX 1660 Ti Armor 6G OC,MSI,6GB,<=150W
MSI GeForce GTX 1660 Ti Gaming X 6G,MSI,6GB,<=150W
MSI GeForce GTX 1660 Ti Ventus XS 6G,MSI,6GB,<=150W
MSI GeForce GTX 750 Ti 2GD5TLP,MSI,4GB,<=150W
MSI Geforce RTX 2060 Super Gaming X,MSI,8GB,151-250W
MSI GeForce RTX 2060 Ventus GP 6G OC,MSI,6GB,151-250W
MSI GeForce RTX 2070 Aero 8G,MSI,8GB,151-250W
MSI GeForce RTX 2070 Armor 8G,MSI,8GB,151-250W
MSI GeForce RTX 2070 Armor 8G OC,MSI,8GB,151-250W
MSI GeForce RTX 2070 Gaming Z 8G,MSI,8GB,151-250W
MSI Geforce RTX 2070 Super Gaming X Trio,MSI,8GB,151-250W
MSI GeForce RTX 2080 Duke 8G OC,MSI,8GB,151-250W
MSI GeForce RTX 2080 Gaming X Trio,MSI,8GB,151-250W
MSI Geforce RTX 2080 Super Gaming X Trio,MSI,8GB,151-250W
MSI GeForce RTX 2080 Ti Duke 11G OC,MSI,12GB,251-350W
MSI GeForce RTX 2080 Ti Gaming X Trio,MSI,12GB,151-250W
MSI GeForce RTX 2080 Ti Gaming Z Trio,MSI,12GB,251-350W
MSI GeForce RTX 3060 Aero ITX 12G OC,MSI,12GB,151-250W
MSI GeForce RTX 3080 Gaming Z Trio 12GB LHR,MSI,12GB,>350W
MSI GeForce RTX 3080 Suprim X 12G LHR,MSI,12GB,>350W
MSI GeForce RTX 3080 Ventus 3X Plus 12G OC LHR,MSI,12GB,>350W
MSI GeForce RTX 4060 Ti Gaming X,MSI,24GB+,151-250W
MSI GeForce RTX 4060 Ti Gaming X Slim,MSI,24GB+,151-250W
MSI GeForce RTX 4060 Ti Ventus 3X 16G OC,MSI,24GB+,151-250W
MSI GT 710 Low Profile,MSI,4GB,<=150W
MSI GTX 950 OC,MSI,4GB,<=150W
MSI R9 280X Gaming,MSI,4GB,151-250W
MSI R9 380 Gaming,MSI,4GB,151-250W
MSI Radeon RX 460 2G OC,MSI,4GB,<=150W
MSI Radeon RX 460 4G OC,MSI,4GB,<=150W
MSI Radeon RX 550 Aero ITX 2G OC,MSI,4GB,<=150W
MSI Radeon RX 5500 XT Gaming X,MSI,8GB,<=150W
MSI Radeon RX 560 Aero ITX 4G OC,MSI,4GB,<=150W
MSI Radeon RX 5600 XT Gaming X,MSI,6GB,<=150W
MSI Radeon RX 5600 XT Mech OC,MSI,6GB,<=150W
MSI Radeon RX 570 Armor 4G OC,MSI,4GB,<=150W
MSI Radeon RX 570 Gaming X 4G,MSI,4GB,<=150W
MSI Radeon RX 5700,MSI,8GB,151-250W
MSI Radeon RX 5700 XT,MSI,8GB,151-250W
MSI Radeon RX 5700 XT Gaming X,MSI,8GB,151-250W
MSI Radeon RX 580 Armor 4G OC,MSI,4GB,151-250W
MSI Radeon RX 580 Armor 8G OC,MSI,8GB,<=150W
MSI Radeon RX 580 Gaming X 4G,MSI,4GB,151-250W
MSI Radeon RX 580 Gaming X 8G,MSI,8GB,151-250W
MSI Radeon RX 580 Gaming X+ 8G,MSI,8GB,151-250W
MSI Radeon RX 6400 Aero ITX,MSI,4GB,<=150W
MSI Radeon RX Vega 64 8G,MSI,8GB,251-350W
MSI Radeon RX Vega 64 Wave 8G,MSI,8GB,251-350W
MSI Radeon VII 16G,MSI,24GB+,251-350W
Palit GeForce GTX 1050 StormX,Palit,4GB,<=150W
Palit GeForce GTX 1050 Ti KalmX,Palit,4GB,<=150W
Palit GeForce GTX 1050 Ti StormX,Palit,4GB,<=150W
Palit GeForce GTX 1060 Dual,Palit,6GB,<=150W
Palit GeForce GTX 1060 Dual,Palit,4GB,<=150W
Palit GeForce GTX 1060 JetStream,Palit,6GB,<=150W
Palit GeForce GTX 1060 StormX,Palit,6GB,<=150W
Palit GeForce GTX 1060 Super JetStream,Palit,6GB,<=150W
Palit GeForce GTX 1060 Super JetStream,Palit,4GB,<=150W
Palit GeForce GTX 1070 Dual,Palit,8GB,<=150W
Palit GeForce GTX 1070 GameRock,Palit,8GB,<=150W
Palit GeForce GTX 1070 GameRock Premium Edition,Palit,8GB,<=150W
Palit GeForce GTX 1070 JetStream,Palit,8GB,<=150W
Palit GeForce GTX 1070 Super JetStream,Palit,8GB,<=150W
Palit GeForce GTX 1080 GameRock,Palit,8GB,151-250W
Palit GeForce GTX 1080 GameRock Premium Edition,Palit,8GB,151-250W
Palit GeForce GTX 1080 JetStream,Palit,8GB,151-250W
Palit GeForce GTX 1080 Super JetStream,Palit,8GB,151-250W
Palit GeForce GTX 1080 Ti Founders Edition,Palit,12GB,151-250W
Palit GeForce GTX 1080 Ti GameRock,Palit,12GB,151-250W
Palit GeForce GTX 1080 Ti GameRock Premium Edition,Palit,12GB,151-250W
Palit GeForce GTX 1080 Ti JetStream,Palit,12GB,151-250W
Palit GeForce GTX 1080 Ti Super JetStream,Palit,12GB,151-250W
Palit GeForce GTX 1660 Ti StormX 6G,Palit,6GB,<=150W
Palit GeForce GTX 1660 Ti StormX OC 6G,Palit,6GB,<=150W
Palit GeForce GTX 750 Ti KalmX,Palit,4GB,<=150W
Palit GeForce RTX 2070 Gaming Pro OC,Palit,8GB,151-250W
Palit GeForce RTX 2080 Gaming Pro,Palit,8GB,151-250W
Palit GeForce RTX 2080 Gaming Pro OC,Palit,8GB,151-250W
Palit GeForce RTX 2080 Ti Gaming Pro,Palit,12GB,251-350W
Palit GeForce RTX 2080 Ti Gaming Pro OC,Palit,12GB,251-350W
PNY GeForce GT 1030,PNY,4GB,<=150W
PNY GeForce GTX 1050 Ti XLR8 Gaming OC,PNY,4GB,<=150W
PNY GeForce GTX 1050 Ti XLR8 OC Gaming,PNY,4GB,<=150W
PNY GeForce GTX 1060 XLR8 Gaming OC,PNY,6GB,<=150W
PNY GeForce GTX 1070 XLR8 OC Gaming,PNY,8GB,<=150W
PNY GeForce GTX 1070 XLR8 OC Gaming Dual Fan,PNY,8GB,<=150W
PNY GeForce GTX 1080 Ti Custom Design,PNY,12GB,151-250W
PNY GeForce GTX 1080 Ti Founders Edition,PNY,12GB,151-250W
PNY GeForce GTX 1080 Ti XLR8 OC Gaming,PNY,12GB,151-250W
PNY GeForce GTX 1080 XLR8 OC Gaming,PNY,8GB,151-250W
PNY GeForce GTX 1660 Ti XLR8 Gaming OC,PNY,6GB,<=150W
PNY GeForce RTX 2060 SUPER XRL8 OC Twin Fan,PNY,8GB,151-250W
PNY GeForce RTX 2070 XLR8 Gaming OC,PNY,8GB,151-250W
PNY GeForce RTX 2080 Ti Blower,PNY,12GB,251-350W
PNY GeForce RTX 2080 Ti XLR8 Gaming OC,PNY,12GB,251-350W
PNY GeForce RTX 2080 XLR8 Gaming OC Triple Fan,PNY,8GB,151-250W
PNY GeForce RTX 2080 XLR8 Gaming OC Twin Fan,PNY,8GB,151-250W
PowerColor R9 Fury X,PowerColor,4GB,251-350W
PowerColor Radeon RX 460 Red Dragon,PowerColor,4GB,<=150W
PowerColor Radeon RX 460 Red Dragon,PowerColor,4GB,<=150W
PowerColor Radeon RX 570 Red Devil,PowerColor,4GB,<=150W
PowerColor Radeon RX 570 Red Dragon,PowerColor,4GB,<=150W
PowerColor Radeon RX 5700 XT,PowerColor,8GB,151-250W
PowerColor Radeon RX 580 Red Devil,PowerColor,8GB,151-250W
PowerColor Radeon RX 580 Red Devil Golden Sample,PowerColor,8GB,151-250W
PowerColor Radeon RX 580 Red Dragon,PowerColor,8GB,151-250W
PowerColor Radeon RX 580 Red Dragon V2,PowerColor,8GB,151-250W
PowerColor Radeon RX Vega 64,PowerColor,8GB,251-350W
PowerColor Radeon RX Vega 64 Limited Edition,PowerColor,8GB,251-350W
PowerColor Radeon RX Vega 64 Liquid,PowerColor,8GB,251-350W
PowerColor Radeon RX Vega 64 Red Devil,PowerColor,8GB,251-350W
PowerColor Radeon VII,PowerColor,24GB+,251-350W
Sapphire HD 5850 Toxic,Sapphire,4GB,151-250W
Sapphire HD 6870 Toxic,Sapphire,4GB,151-250W
Sapphire HD 7770 GHz Edition,Sapphire,4GB,<=150W
Sapphire HD 7870 GHDual-X OC,Sapphire,4GB,151-250W
Sapphire Nitro+ Radeon RX 5500 XT 8GB Special Edition,Sapphire,8GB,<=150W
Sapphire Nitro+ Radeon RX 570 4G,Sapphire,4GB,<=150W
Sapphire Nitro+ Radeon RX 570 8G,Sapphire,8GB,<=150W
Sapphire Nitro+ Radeon RX 5700 XT,Sapphire,8GB,151-250W
Sapphire Nitro+ Radeon RX 5700 XT 8G Special Edition,Sapphire,8GB,151-250W
Sapphire Nitro+ Radeon RX 5700 XT BE,Sapphire,8GB,151-250W
Sapphire Nitro+ Radeon RX 580 4G,Sapphire,4GB,151-250W
Sapphire Nitro+ Radeon RX 580 8G,Sapphire,8GB,151-250W
Sapphire Nitro+ Radeon RX 580 8G Limited Edition,Sapphire,8GB,151-250W
Sapphire Nitro+ Radeon RX 580 8G Special Edition,Sapphire,8GB,151-250W
Sapphire Nitro+ Radeon RX 590 8G 50th Anniversary,Sapphire,8GB,151-250W
Sapphire Nitro+ Radeon RX 590 8G G,Sapphire,8GB,151-250W
Sapphire Nitro+ Radeon RX 590 8G OC,Sapphire,8GB,151-250W
Sapphire Nitro+ Radeon RX 590 8G Special Edition,Sapphire,8GB,151-250W
Sapphire Nitro+ Radeon RX 7900 XTX Vapor-X,SAPPHIRE,24GB+,>350W
Sapphire Nitro+ Radeon RX Vega 56,Sapphire,8GB,151-250W
Sapphire Nitro+ Radeon RX Vega 64,Sapphire,8GB,251-350W
Sapphire Pulse Radeon RX 550 2G,Sapphire,4GB,<=150W
Sapphire Pulse Radeon RX 550 4G,Sapphire,4GB,<=150W
Sapphire Pulse Radeon RX 5500 XT,Sapphire,4GB,<=150W
Sapphire Pulse Radeon RX 5500 XT,Sapphire,8GB,<=150W
Sapphire Pulse Radeon RX 560 14CU 2G,Sapphire,4GB,<=150W
Sapphire Pulse Radeon RX 560 16CU 2G,Sapphire,4GB,<=150W
Sapphire Pulse Radeon RX 560 16CU 4G,Sapphire,4GB,<=150W
Sapphire Pulse Radeon RX 5600 XT,Sapphire,6GB,<=150W
Sapphire Pulse Radeon RX 570 4G,Sapphire,4GB,<=150W
Sapphire Pulse Radeon RX 570 Mini 4G,Sapphire,4GB,<=150W
Sapphire Pulse Radeon RX 5700,Sapphire,8GB,151-250W
Sapphire Pulse Radeon RX 5700 XT,Sapphire,8GB,151-250W
Sapphire Pulse Radeon RX 5700 XT BE,Sapphire,8GB,151-250W
Sapphire Pulse Radeon RX 580 4G,Sapphire,4GB,151-250W
Sapphire Pulse Radeon RX 580 8G,Sapphire,8GB,151-250W
Sapphire Pulse Radeon RX 6400 Gaming,SAPPHIRE,4GB,<=150W
Sapphire Pulse Radeon RX 6700 XT Gaming,SAPPHIRE,12GB,251-350W
Sapphire Pulse Radeon RX Vega 56,Sapphire,8GB,151-250W
Sapphire R7 260X,Sapphire,4GB,<=150W
Sapphire R7 370 Nitro,Sapphire,4GB,<=150W
Sapphire R9 290,Sapphire,4GB,251-350W
Sapphire R9 290X Tri-X OC,Sapphire,4GB,251-350W
Sapphire R9 Fury Nitro,Sapphire,4GB,251-350W
Sapphire R9 Nano,Sapphire,4GB,151-250W
Sapphire R9 Nitro 390,Sapphire,8GB,>350W
Sapphire Radeon HD 5770 Eyefinity,Sapphire,4GB,<=150W
Sapphire Radeon HD 5870 Toxic,Sapphire,4GB,151-250W
Sapphire Radeon HD 5970,Sapphire,4GB,251-350W
Sapphire Radeon HD 6850,Sapphire,4GB,151-250W
Sapphire Radeon HD 6950,Sapphire,4GB,151-250W
Sapphire Radeon HD 6970 Dual Fan,Sapphire,4GB,151-250W
Sapphire Radeon HD 6990,Sapphire,4GB,>350W
Sapphire Radeon RX 460 2G,Sapphire,4GB,<=150W
Sapphire Radeon RX 460 Nitro 4G,Sapphire,4GB,<=150W
Sapphire Radeon RX 5700,Sapphire,8GB,151-250W
Sapphire Radeon RX 5700 XT,Sapphire,8GB,151-250W
Sapphire Radeon RX 7900 XT Gaming,SAPPHIRE,24GB+,251-350W
Sapphire Radeon RX Vega 56,Sapphire,8GB,151-250W
Sapphire Radeon RX Vega 64,Sapphire,8GB,251-350W
Sapphire Radeon RX Vega 64 Liquid Cooling,Sapphire,8GB,251-350W
Sapphire Radeon VII,Sapphire,24GB+,251-350W
Sapphire Toxic Radeon RX 6900 XT AIO Cooled,SAPPHIRE,24GB+,
Sparkle GTX 460,Sparkle,,<=150W
XFX Double D HD 7850,XFX,4GB,<=150W
XFX HD 7750,XFX,4GB,<=150W
XFX HD 7790 OC,XFX,4GB,<=150W
XFX Radeon RX 460 Dual Fan,XFX,4GB,<=150W
XFX Radeon RX 460 Dual Fan,XFX,4GB,<=150W
XFX Radeon RX 460 Passive Heatsink Edition,XFX,4GB,<=150W
XFX Radeon RX 460 Passive Heatsink Edition,XFX,4GB,<=150W
XFX Radeon RX 460 Single Fan,XFX,4GB,<=150W
XFX Radeon RX 460 Single Fan,XFX,4GB,<=150W
XFX Radeon RX 460 Single Slot,XFX,4GB,<=150W
XFX Radeon RX 460 Single Slot,XFX,4GB,<=150W
XFX Radeon RX 550 Single Fan,XFX,4GB,<=150W
XFX Radeon RX 550 Single Fan,XFX,4GB,<=150W
XFX Radeon RX 570 RS Core Edition,XFX,4GB,<=150W
XFX Radeon RX 580 GTR-S Black Edition,XFX,8GB,151-250W
XFX Radeon RX 580 GTS Black Edition,XFX,8GB,151-250W
XFX Radeon RX 580 GTS Core Edition,XFX,4GB,151-250W
XFX Radeon RX 580 GTS Core Edition,XFX,8GB,151-250W
"ZOTAC GAMING GeForce GTX 1650 OC, 4096 MB GDDR5",ZOTAC,4GB,<=150W
ZOTAC GAMING GeForce GTX 1650 Super Twin Fan,ZOTAC,4GB,<=150W
ZOTAC GAMING GeForce GTX 1660 AMP! Edition,ZOTAC,6GB,<=150W
ZOTAC GAMING GeForce GTX 1660 Super AMP! Edition,ZOTAC,6GB,<=150W
ZOTAC GAMING GeForce GTX 1660 Super Twin Fan,ZOTAC,6GB,<=150W
ZOTAC GAMING GeForce GTX 1660 Ti,ZOTAC,6GB,<=150W
ZOTAC GAMING GeForce GTX 1660 Ti AMP!,ZOTAC,6GB,<=150W
ZOTAC GAMING GeForce GTX 1660 Twin Fan,ZOTAC,6GB,<=150W
ZOTAC GAMING GeForce RTX 2060,ZOTAC,6GB,151-250W
ZOTAC GAMING GeForce RTX 2060 AMP! Edition,ZOTAC,6GB,151-250W
ZOTAC GAMING GeForce RTX 2060 Super AMP! Edition,ZOTAC,8GB,151-250W
ZOTAC GAMING GeForce RTX 2060 Super AMP! Extreme Edition,ZOTAC,8GB,151-250W
ZOTAC GAMING GeForce RTX 2060 Super Mini Edition,ZOTAC,8GB,151-250W
ZOTAC GAMING GeForce RTX 2060 Twin Fan,ZOTAC,6GB,151-250W
ZOTAC GAMING GeForce RTX 2070 AMP! Edition,ZOTAC,8GB,151-250W
ZOTAC GAMING GeForce RTX 2070 Super AMP! Edition,ZOTAC,8GB,151-250W
ZOTAC GAMING GeForce RTX 2070 Super AMP! Extreme Edition,ZOTAC,8GB,151-250W
ZOTAC GAMING GeForce RTX 2070 Super Edition,ZOTAC,8GB,151-250W
ZOTAC GAMING GeForce RTX 2070 Super Mini Edition,ZOTAC,8GB,151-250W
ZOTAC GAMING GeForce RTX 2080 AMP! Edition,ZOTAC,8GB,151-250W
ZOTAC GAMING GeForce RTX 2080 Blower,ZOTAC,8GB,151-250W
ZOTAC GAMING GeForce RTX 2080 Super AMP,ZOTAC,8GB,151-250W
ZOTAC GAMING GeForce RTX 2080 Super AMP Extreme,ZOTAC,8GB,151-250W
ZOTAC GAMING GeForce RTX 2080 Super Triple Fan,ZOTAC,8GB,151-250W
ZOTAC GAMING GeForce RTX 2080 Super Twin Fan,ZOTAC,8GB,151-250W
ZOTAC GAMING GeForce RTX 2080 Ti AMP! Edition,ZOTAC,12GB,251-350W
ZOTAC GAMING GeForce RTX 2080 Ti Arctic Storm. 11264 MB GDDR6,ZOTAC,12GB,251-350W
ZOTAC GAMING GeForce RTX 2080 Ti Blower,ZOTAC,12GB,151-250W
ZOTAC GAMING GeForce RTX 2080 Ti Triple Fan,ZOTAC,12GB,251-350W
ZOTAC GAMING GeForce RTX 2080 Ti Twin Fan,ZOTAC,12GB,251-350W
ZOTAC GAMING GeForce RTX 3080 AMP Holo LHR,ZOTAC,12GB,251-350W
ZOTAC GAMING GeForce RTX 3080 AMP! Extreme Holo LHR,ZOTAC,12GB,>350W
ZOTAC GAMING GeForce RTX 3080 Trinity LHR,ZOTAC,12GB,251-350W
ZOTAC GAMING GeForce RTX 3080 Trinity OC LHR,ZOTAC,12GB,251-350W
ZOTAC GAMING GeForce RTX 4060 Ti AMP SPIDER-MAN™ Across the Spider-Verse,ZOTAC,24GB+,151-250W
ZOTAC GeForce GT 1030,ZOTAC,4GB,<=150W
ZOTAC GeForce GTX 1050 Mini,ZOTAC,4GB,<=150W
ZOTAC GeForce GTX 1050 Ti Mini,ZOTAC,4GB,<=150W
ZOTAC GeForce GTX 1050 Ti OC,ZOTAC,4GB,<=150W
ZOTAC GeForce GTX 1060 AMP! Edition,ZOTAC,6GB,<=150W
ZOTAC GeForce GTX 1060 AMP!+ 9 Gbps,ZOTAC,6GB,<=150W
ZOTAC GeForce GTX 1060 Mini,ZOTAC,4GB,<=150W
ZOTAC GeForce GTX 1060 Mini,ZOTAC,6GB,<=150W
ZOTAC GeForce GTX 1070 AMP! Extreme Edition,ZOTAC,8GB,<=150W
ZOTAC GeForce GTX 1070 Founders Edition,ZOTAC,8GB,<=150W
ZOTAC GeForce GTX 1070 Mini,ZOTAC,8GB,<=150W
ZOTAC GeForce GTX 1070 Ti AMP! Edition,ZOTAC,8GB,151-250W
ZOTAC GeForce GTX 1070 Ti AMP! Extreme Edition,ZOTAC,8GB,151-250W
ZOTAC GeForce GTX 1070 Ti Mini,ZOTAC,8GB,151-250W
ZOTAC GeForce GTX 1080 AMP! Extreme Edition,ZOTAC,8GB,151-250W
ZOTAC GeForce GTX 1080 AMP! Extreme+ 11 Gbps,ZOTAC,8GB,151-250W
ZOTAC GeForce GTX 1080 Founders Edition,ZOTAC,8GB,151-250W
ZOTAC GeForce GTX 1080 Mini,ZOTAC,8GB,151-250W
ZOTAC GeForce GTX 1080 Ti AMP! Edition,ZOTAC,12GB,151-250W
ZOTAC GeForce GTX 1080 Ti AMP! Extreme Core,ZOTAC,12GB,151-250W
ZOTAC GeForce GTX 1080 Ti AMP! Extreme Edition,ZOTAC,12GB,151-250W
ZOTAC GeForce GTX 1080 Ti Arctic Storm,ZOTAC,12GB,151-250W
ZOTAC GeForce GTX 1080 Ti Arctic Storm Mini,ZOTAC,12GB,151-250W
ZOTAC GeForce GTX 1080 Ti Blower,ZOTAC,12GB,151-250W
ZOTAC GeForce GTX 1080 Ti Founders Edition,ZOTAC,12GB,151-250W
ZOTAC GeForce GTX 1080 Ti Mini,ZOTAC,12GB,151-250W
