Name,Producer,Socket,Chipset,Memory Type
MSI B550-A Pro,MSI,AM4,B550,DDR4
ASRock B250 Pro4,ASRock,1151,B250,DDR4
ASRock B360 Pro4,ASRock,1151,B360,DDR4
ASRock B360M Pro4,ASRock,1151,B360,DDR4
ASRock B360M-ITX/AC,ASRock,1151,B360,DDR4
ASRock B650 PG Lightning,ASRock,AM5,B650,DDR5
ASRock B650 Pro RS,ASRock,AM5,B650,DDR5
ASRock B650M PG Riptide,ASRock,AM5,B650E,DDR5
ASRock Fatal1ty B250M Performance,ASRock,1151,B250,DDR4
ASRock Fatal1ty X399 Professional Gaming,ASRock,TR4,X399,DDR4
ASRock H110M-HDS,ASRock,1151,H110,DDR4
ASRock H110M-ITX/ac,ASRock,1151,H110,DDR4
ASRock X299 Gaming K6,ASRock,2066,X299,DDR4
ASRock X399 Taichi,ASRock,TR4,X399,DDR4
"ASRock X570 Taichi, AMD X570",ASRock,AM4,X570,DDR4
ASRock X99 Taichi,ASRock,2011-V3,X99,DDR4
ASRock X99E-ITX/AC,ASRock,2011-V3,X99,DDR4
ASRock Z270 Killer SLI,ASRock,1151,Z270,DDR4
ASRock Z270 Pro4,ASRock,1151,Z270,DDR4
ASRock Z270M Pro4,ASRock,1151,Z270,DDR4
ASRock Z270M-ITX/ac,ASRock,1151,Z270,DDR4
ASRock Z370 Pro4,ASRock,1151,Z370,DDR4
ASRock Z370M Pro4,ASRock,1151,Z370,DDR4
ASRock Z390 Extreme 4,ASRock,1151,Z390,DDR4
ASRock Z390 Taichi,ASRock,1151,Z390,DDR4
ASRock Z790 PG Lightning,ASRock,1700,Z790,DDR5
ASUS B150I-PRO Gaming/Aura USB3.0/M.2/HDMI/DVI Mini-ITX,Asus,1151,B150,DDR4
ASUS B150M-A GL/USB3.1/SATA600/HDMI/VGA/DVI B150,Asus,1151,B150,DDR4
ASUS B150M-A/M.2 USB3.1/M.2/HDMI/VGA/DVI B150,Asus,1151,B150,DDR4
ASUS B365-PLUS,ASUS,1151,B365,DDR4
ASUS MAXIMUS VIII Impact USB3.1/SATA600/U.2/WIFI/BT/HDMI Mini-ITX,Asus,1151,Z170,DDR4
ASUS Maximus VIII RANGER,ASUS,1151,Z170,DDR4
ASUS PRIME B250M-A,ASUS,1151,B250,DDR4
ASUS PRIME B250M-C,ASUS,1151,B250,DDR4
ASUS Prime B660-Plus D4,ASUS,1700,B660,DDR4
ASUS Prime B660M-A D4,ASUS,1700,B660,DDR4
ASUS Prime B660M-A WiFi D4,ASUS,1700,B660,DDR4
ASUS Prime H670-Plus D4,ASUS,1700,H670,DDR4
ASUS PRIME Z270-P,ASUS,1151,Z270,DDR4
ASUS PRIME Z270M-PLUS,ASUS,1151,Z270,DDR4
ASUS PRIME Z490-P,ASUS,1200,Z490,DDR4
ASUS PRIME Z490M-PLUS,ASUS,1200,Z490,DDR4
ASUS PRIME Z690-P,ASUS,1700,Z690,DDR5
ASUS PRIME Z690-P D4,ASUS,1700,Z690,DDR4
ASUS PRIME Z690-P WIFI,ASUS,1700,Z690,DDR5
ASUS PRIME Z690-P WIFI D4,ASUS,1700,Z690,DDR4
Asus ROG RAMPAGE VI EXTREME,Asus,2066,X299,DDR4
ASUS ROG STRIX B660-A Gaming WiFi,ASUS,1700,B660,DDR5
ASUS ROG Zenith Extreme,ASUS,TR4,X399,DDR4
ASUS Strix B365-F Gaming,ASUS,1151,B365,DDR4
ASUS Strix B365-G Gaming,ASUS,1151,B365,DDR4
"ASUS STRIX Z270G Gaming, RoG",ASUS,1151,Z270,DDR4
ASUS TUF B365M-Plus Gaming,ASUS,1151,B365,DDR4
ASUS TUF Gaming B660-Plus WiFi D4,ASUS,1700,B660,DDR4
ASUS TUF Gaming B660M-Plus WiFi,ASUS,1700,B660,DDR5
ASUS TUF Gaming H670-Pro WiFi D4,ASUS,1700,H670,DDR4
ASUS TUF GAMING Z690-PLUS WIFI D4,ASUS,1700,Z690,DDR4
Asus TUF X299 MARK 1,Asus,2066,X299,DDR4
ASUS X99 DELUXE II,ASUS,2011-V3,X99,DDR4
ASUS Z170-P,ASUS,1151,Z170,DDR4
Gigabyte Aorus X299-Gaming,Gigabyte,2066,X299,DDR4
Gigabyte Aorus X399 Gaming 7,Gigabyte,TR4,X399,DDR4
Gigabyte Aorus Z270X-Gaming 5,Gigabyte,1151,Z270,DDR4
Gigabyte Aorus Z270X-Gaming 9,Gigabyte,1151,Z270,DDR4
Gigabyte B250M-DS3H,Gigabyte,1151,B250,DDR4
Gigabyte B360 HD3,Gigabyte,1151,B360,DDR4
Gigabyte B360M Aorus Gaming 3,Gigabyte,1151,B360,DDR4
Gigabyte B360M D3H,Gigabyte,1151,B360,DDR4
Gigabyte B360M DS3H,Gigabyte,1151,B360,DDR4
Gigabyte B365 M Aorus Elite,Gigabyte,1151,B365,DDR4
Gigabyte B365M DS3H,Gigabyte,1151,B365,DDR4
Gigabyte B365M H,Gigabyte,1151,B365,DDR4
"Gigabyte B450 Aorus M, AMD B450",Gigabyte,AM4,B450,DDR4
GIGABYTE B650M AORUS Elite AX (rev. 1.1),Gigabyte,AM5,B650,DDR5
GIGABYTE B650M DS3H,Gigabyte,AM5,B650,DDR5
Gigabyte GA-B150M-DS3H GL/USB3.0/M.2/HDMI/DVI/VGA,Gigabyte,1151,B150,DDR4
Gigabyte H270M-DS3H,Gigabyte,1151,H270,DDR4
Gigabyte Q270M-D3H,Gigabyte,1151,Q270,DDR4
"Gigabyte X570 Aorus Elite, AMD X570",Gigabyte,AM4,X570,DDR4
"Gigabyte X570 Aorus Pro, AMD X570",Gigabyte,AM4,X570,DDR4
"Gigabyte X570 Gaming X, AMD X570",Gigabyte,AM4,X570,DDR4
"Gigabyte X570 I Aorus Pro WiFi, AMD X570",Gigabyte,AM4,X570,DDR4
Gigabyte X99-SLI,Gigabyte,2011-V3,X99,DDR4
Gigabyte X99-UD3,Gigabyte,2011-V3,X99,DDR4
Gigabyte Z170-Gaming K3,Gigabyte,1151,Z170,DDR4
Gigabyte Z270-Gaming K3,Gigabyte,1151,Z270,DDR4
Gigabyte Z270-HD3P,Gigabyte,1151,Z270,DDR4
Gigabyte Z270M-D3P,Gigabyte,1151,Z270,DDR4
Gigabyte Z270X-Ultra Gaming,Gigabyte,1151,Z270,DDR4
Gigabyte Z270XP-SLI,Gigabyte,1151,Z270,DDR4
Gigabyte Z370 PD3,Gigabyte,1151,Z370,DDR4
Gigabyte Z390 I Aorus Pro WiFi,Gigabyte,1151,Z390,DDR4
Gigabyte Z390 UD,Gigabyte,1151,Z390,DDR4
Gigabyte Z490 Aorus Elite,Gigabyte,1200,Z490,DDR4
Gigabyte Z490 Aorus Elite AC,Gigabyte,1200,Z490,DDR4
Gigabyte Z490 Vision G,Gigabyte,1200,Z490,DDR4
Gigabyte Z490I Aorus Ultra,Gigabyte,1200,Z490,DDR4
Gigabyte Z690 Aorus Elite DDR4,Gigabyte,1700,Z690,DDR4
Gigabyte Z690 Aorus Master,Gigabyte,1700,Z690,DDR5
Gigabyte Z690 Aorus Pro,Gigabyte,1700,Z690,DDR5
Gigabyte Z690 UD AX,Gigabyte,1700,Z690,DDR5
MSI B150M Bazooka,MSI,1151,B150,DDR4
MSI B150M Mortar,MSI,1151,B150,DDR4
MSI B250M Bazooka,MSI,1151,B250,DDR4
MSI B250M Mortar,MSI,1151,B250,DDR4
MSI B250M Pro-VDH,MSI,1151,B250,DDR4
MSI B350 Tomahawk,MSI,AM4,B350,DDR4
MSI B360M Mortar,MSI,1151,B360,DDR4
"MSI B365M Pro-VDH, socket 1151",MSI,1151,B365,DDR4
"MSI B450 Gaming Plus Max, AMD B450",MSI,AM4,B450,DDR4
MSI B450 Tomahawk,MSI,AM4,B450,DDR4
MSI B450 Tomahawk Max,MSI,AM4,B450,DDR4
MSI B450-A Pro,MSI,AM4,B450,DDR4
MSI B450I Gaming Plus AC,MSI,AM4,B450,DDR4
MSI B450M Bazooka,MSI,AM4,B450,DDR4
MSI B450M Bazooka Plus,MSI,AM4,B450,DDR4
MSI B450M Mortar,MSI,AM4,B450,DDR4
"MSI B450M Mortar Max, AMD B450-, socket AM4",MSI,AM4,B450,DDR4
MSI B450M Mortar Titanium,MSI,AM4,B450,DDR4
"MSI B450M Pro-VDH Max, AMD B450-, socket AM4",MSI,AM4,B450,DDR4
MSI H110M Pro-VD,MSI,1151,H110,DDR4
MSI H270M Mortar ARCTIC,MSI,1151,H270,DDR4
"MSI MAG B365M Mortar, socket 1151",MSI,1151,B365,DDR4
MSI MAG B660M MORTAR WIFI DDR4,MSI,1700,B660,DDR4
MSI MAG X570 Tomahawk WiFi,MSI,AM4,X570,DDR4
MSI MAG Z690 Tomahawk WiFi,MSI,1700,Z690,DDR5
MSI MAG Z690 Tomahawk WiFi DDR4,MSI,1700,Z690,DDR4
MSI MAG Z690 Torpedo,MSI,1700,Z690,DDR5
MSI MEG Z490 Unify,MSI,1200,Z490,DDR4
MSI PRO B660-A DDR4,MSI,1700,B660,DDR4
MSI Pro B760M-E DDR4,MSI,1700,B760,DDR4
MSI Pro B760M-P DDR4,MSI,1700,B760,DDR4
MSI Pro Z690-A,MSI,1700,Z690,DDR5
MSI Pro Z690-A DDR4,MSI,1700,Z690,DDR4
MSI Pro Z690-A WiFi DDR4,MSI,1700,Z690,DDR4
MSI X399 Gaming Pro Carbon AC,MSI,TR4,X399,DDR4
MSI X99A Raider,MSI,2011-V3,X99,DDR4
MSI Z170-A Pro,MSI,1151,Z170,DDR4
MSI Z170A Gaming M7,MSI,1151,Z170,DDR4
MSI Z170A PC Mate,MSI,1151,Z170,DDR4
MSI Z270 Gaming PLUS,MSI,1151,Z270,DDR4
MSI Z270 Gaming Pro Carbon,MSI,1151,Z270,DDR4
MSI Z270 KRAIT Gaming,MSI,1151,Z270,DDR4
MSI Z270 PC MATE,MSI,1151,Z270,DDR4
MSI Z270 SLI PLUS,MSI,1151,Z270,DDR4
MSI Z270 Tomahawk,MSI,1151,Z270,DDR4
MSI Z270 Xpower Gaming Titanium,MSI,1151,Z270,DDR4
MSI Z270-A Pro,MSI,1151,Z270,DDR4
MSI Z370 Gaming Plus,MSI,1151,Z370,DDR4
MSI Z370 SLI Plus,MSI,1151,Z370,DDR4
MSI Z370-A Pro,MSI,1151,Z370,DDR4
MSI Z490I Unify,MSI,1200,Z490,DDR4
MSI Z490M Gaming Edge WiFi,MSI,1200,Z490,DDR4
ASRock A320M,ASRock,AM4,A320,DDR4
ASRock A320M Pro4,ASRock,AM4,A320,DDR4
ASRock A320M Pro4 R2.0,ASRock,AM4,A320,DDR4
ASRock A320M Pro4-F,ASRock,AM4,A320,DDR4
ASRock A320M-DGS,ASRock,AM4,A320,DDR4
ASRock A320M-HDV,ASRock,AM4,A320,DDR4
ASRock A520M Pro4,ASRock,AM4,A520,DDR4
ASRock A520M-HDV,ASRock,AM4,A520,DDR4
ASRock A520M-HVS,ASRock,AM4,A520,DDR4
ASRock A520M-ITX/AC,ASRock,AM4,A520,DDR4
"ASRock AB350 Pro4 BTC, AMD B350",ASRock,AM4,B350,DDR4
ASRock AB350M,ASRock,AM4,B350,DDR4
"ASRock AB350M Pro4, AMD B350",ASRock,AM4,B350,DDR4
ASRock AB350M-HDV,ASRock,AM4,B350,DDR4
ASRock AB350M-HDV R3.0,ASRock,AM4,B350,DDR4
"ASRock AB350M-HDV R4.0, AMD B350",ASRock,AM4,B350,DDR4
ASRock B150M-HDS,ASRock,1151,B150,DDR4
ASRock B250M Pro4,ASRock,1151,B250,DDR4
ASRock B250M-HDV,ASRock,1151,B250,DDR4
ASRock B360 Gaming K4 Fatal1ty,ASRock,1151,B360,DDR4
ASRock B360M-HDV,ASRock,1151,B360,DDR4
"ASRock B450 Gaming ITX/ac, AMD B450",ASRock,AM4,B450,DDR4
"ASRock B450 Gaming K4, AMD B450",ASRock,AM4,B450,DDR4
"ASRock B450 Pro 4, AMD B450",ASRock,AM4,B450,DDR4
ASRock B450 Steel Legend,ASRock,AM4,B450,DDR4
"ASRock B450M Pro4, AMD B450",ASRock,AM4,B450,DDR4
ASRock B450M Pro4-F,ASRock,AM4,B450,DDR4
ASRock B450M-HDV,ASRock,AM4,B450,DDR4
"ASRock B450M-HDV R4.0, AMD B450",ASRock,AM4,B450,DDR4
ASRock B460 Phantom Gaming 4,ASRock,1200,B460,DDR4
ASRock B460 Pro4,ASRock,1200,B460,DDR4
ASRock B460 Steel Legend,ASRock,1200,B460,DDR4
ASRock B460M Pro4,ASRock,1200,B460,DDR4
ASRock B460M Steel Legend,ASRock,1200,B460,DDR4
ASRock B460M-HDV,ASRock,1200,B460,DDR4
ASRock B460M-ITX/ac,ASRock,1200,B460,DDR4
ASRock B550 Extreme4,ASRock,AM4,B550,DDR4
ASRock B550 PG Riptide,ASRock,AM4,B550,DDR4
ASRock B550 PG Velocita,ASRock,AM4,B550,DDR4
ASRock B550 Phantom Gaming 4,ASRock,AM4,B550,DDR4
ASRock B550 Phantom Gaming-ITX/ax,ASRock,AM4,B550,DDR4
ASRock B550 Pro4,ASRock,AM4,B550,DDR4
ASRock B550 Steel Legend,ASRock,AM4,B550,DDR4
ASRock B550 Taichi,ASRock,AM4,B550,DDR4
ASRock B550M Pro4,ASRock,AM4,B550,DDR4
ASRock B550M-HDV,ASRock,AM4,B550,DDR4
ASRock B550M-ITX/ac,ASRock,AM4,B550,DDR4
ASRock B560 Pro4,ASRock,1200,B560,DDR4
ASRock B560 Steel Legend,ASRock,1200,B560,DDR4
ASRock B560M Pro4,ASRock,1200,B560,DDR4
ASRock B560M Steel Legend,ASRock,1200,B560,DDR4
ASRock B560M-HDV,ASRock,1200,B560,DDR4
ASRock B560M-ITX/ac,ASRock,1200,B560,DDR4
ASRock B650 Live Mixer,ASRock,AM5,B650,DDR5
ASRock B650E PG Riptide WIFI,ASRock,AM5,B650E,DDR5
ASRock B650E PG-ITX WIFI,ASRock,AM5,B650E,DDR5
ASRock B650E Steel Legend WIFI,ASRock,AM5,B650E,DDR5
ASRock B650E Taichi,ASRock,AM5,B650E,DDR5
ASRock B660 Pro RS,ASRock,1700,B660,DDR4
ASRock B660 Steel Legend,ASRock,1700,B660,DDR4
ASRock B660M Pro RS,ASRock,1700,B660,DDR4
ASRock B660M Steel Legend,ASRock,1700,B660,DDR4
ASRock B660M-HDV,ASRock,1700,B660,DDR4
ASRock B660M-ITX/ac,ASRock,1700,B660,DDR4
ASRock C236 WSI 2xLAN/SATA600/USB3.0/DP/HDMI/VGA Mini ITX,ASRock,1151,C236,DDR4
ASRock C236M WS 2xLAN/SATA600/USB3.0/DP/HDMI/VGA,ASRock,1151,C236,DDR4
ASRock E3V5 WS SATA600/USB3.0 C232,ASRock,1151,C232,DDR4
ASRock Fatal1ty AB350 Gaming K4,ASRock,AM4,B350,DDR4
"ASRock Fatal1ty AB350 Gaming-ITX/ac, AMD B350",ASRock,AM4,B350,DDR4
ASRock Fatal1ty B250 Gaming K4,ASRock,1151,B250,DDR4
ASRock Fatal1ty E3V5 Performance Gaming/OC,ASRock,1151,C232,DDR4
ASRock Fatal1ty H270 Performance,ASRock,1151,H270,DDR4
ASRock Fatal1ty H270M Performance,ASRock,1151,H270,DDR4
ASRock Fatal1ty X299 Professional Gaming i9 XE,ASRock,2066,X299,DDR4
"ASRock Fatal1ty X370 Gaming-ITX/ac, AMD X370",ASRock,AM4,X370,DDR4
"ASRock Fatal1ty X470 Gaming-ITX/ac, AMD X470",ASRock,AM4,X470,DDR4
ASRock Fatal1ty X99 Professional Gaming i7,ASRock,2011-V3,X99,DDR4
ASRock Fatal1ty X99M Killer/3.1 SATA600/R/eSATA/Ultra M.2 X99,ASRock,2011-3,X99 Express,DDR4
ASRock Fatal1ty Z170 Gaming K4,ASRock,1151,Z170,DDR4
ASRock Fatal1ty Z170 Gaming K6+,ASRock,1151,Z170,DDR4
ASRock Fatal1ty Z270 Gaming K4,ASRock,1151,Z270,DDR4
ASRock Fatal1ty Z270 Gaming K6,ASRock,1151,Z270,DDR4
ASRock Fatal1ty Z270 Gaming-ITX/ac,ASRock,1151,Z270,DDR4
"ASRock Fatal1ty Z270 Professional Gaming i7, Intel Z270",ASRock,1151,Z270,DDR4
ASRock Fatal1ty Z370 Gaming ITX/ac,ASRock,1151,Z370,DDR4
ASRock Fatal1ty Z370 Gaming K6,ASRock,1151,Z370,DDR4
ASRock Fatal1ty Z370 Professional Gaming i7,ASRock,1151,Z370,DDR4
ASRock H110 PRO BTC+,ASRock,1151,H110,DDR4
ASRock H170 PRO4,ASRock,1151,H170,DDR4
ASRock H170M PRO4,ASRock,1151,H170,DDR4
ASRock H170M-ITX/AC,ASRock,1151,H170,DDR4
ASRock H270 Pro 4,ASRock,1151,H270,DDR4
ASRock H270M Pro4,ASRock,1151,H270,DDR4
ASRock H270M-ITX/ac,ASRock,1151,H270,DDR4
ASRock H310M-DGS,ASRock,1151,H310,DDR4
ASRock H310M-HDV/M.2,ASRock,1151,H310,DDR4
ASRock H310M-ITX/AC,ASRock,1151,H310,DDR4
ASRock H370 Performance Fatal1ty,ASRock,1151,H370,DDR4
ASRock H370 Pro4,ASRock,1151,H370,DDR4
ASRock H370M Pro4,ASRock,1151,H370,DDR4
ASRock H370M-ITX/AC,ASRock,1151,H370,DDR4
ASRock H410M-HDV,ASRock,1200,H410,DDR4
ASRock H410M-HDV/M.2,ASRock,1200,H410,DDR4
ASRock H410M-HVS,ASRock,1200,H410,DDR4
ASRock H410M-ITX/ac,ASRock,1200,H410,DDR4
ASRock H470 Phantom Gaming 4,ASRock,1200,H470,DDR4
ASRock H470 Steel Legend,ASRock,1200,H470,DDR4
ASRock H470M Pro4,ASRock,1200,H470,DDR4
ASRock H470M-ITX/ac,ASRock,1200,H470,DDR4
ASRock H510M-HDV,ASRock,1200,H510,DDR4
ASRock H510M-HDV/M.2,ASRock,1200,H510,DDR4
ASRock H510M-HVS,ASRock,1200,H510,DDR4
ASRock H510M-ITX/ac,ASRock,1200,H510,DDR4
ASRock H570 Phantom Gaming 4,ASRock,1200,H570,DDR4
ASRock H570 Steel Legend,ASRock,1200,H570,DDR4
ASRock H570M Pro4,ASRock,1200,H570,DDR4
ASRock H570M-ITX/ac,ASRock,1200,H570,DDR4
ASRock TRX40 Creator,ASRock,TRX40,TRX40,DDR4
ASRock TRX40 Taichi,ASRock,TRX40,TRX40,DDR4
ASRock WRX80 Creator R2.0,ASRock,1700,B660,DDR4
ASRock X299 Gaming i9,ASRock,2066,X299,DDR4
ASRock X299 Killer SLI/ac,ASRock,2066,X299,DDR4
ASRock X299 OC Formula,ASRock,2066,X299,DDR4
ASRock X299 Taichi,ASRock,2066,X299,DDR4
ASRock X299 Taichi XE,ASRock,2066,X299,DDR4
ASRock X299E-ITX/AC,ASRock,2066,X299,DDR4
ASRock X370 Gaming K4,ASRock,AM4,X370,DDR4
ASRock X370 Killer SLI,ASRock,AM4,X370,DDR4
"ASRock X370 Professional Gaming, AMD X370",ASRock,AM4,X370,DDR4
"ASRock X370 Taichi, AMD X370",ASRock,AM4,X370,DDR4
"ASRock X470 Fatal1ty Gaming K4, AMD X470",ASRock,AM4,X470,DDR4
ASRock X470 Master SLI,ASRock,AM4,X470,DDR4
"ASRock X470 Taichi Ultimate, AMD X470",ASRock,AM4,X470,DDR4
"ASRock X470 Taichi, AMD X470",ASRock,AM4,X470,DDR4
"ASRock X570 Aqua, AMD X570",ASRock,AM4,X570,DDR4
"ASRock X570 Extreme4, AMD X570",ASRock,AM4,X570,DDR4
ASRock X570 PG Velocita,ASRock,AM4,X570,DDR4
"ASRock X570 Phantom Gaming 4, AMD X570",ASRock,AM4,X570,DDR4
"ASRock X570 Phantom Gaming X, AMD X570",ASRock,AM4,X570,DDR4
"ASRock X570 Phantom Gaming-ITX/TB3, AMD X570",ASRock,AM4,X570,DDR4
"ASRock X570 Pro4, AMD X570",ASRock,AM4,X570,DDR4
"ASRock X570 Steel Legend, AMD X570",ASRock,AM4,X570,DDR4
ASRock X570 Taichi Razer Edition,ASRock,AM4,X570,DDR4
"ASRock X570M Pro4, AMD X570",ASRock,AM4,X570,DDR4
ASRock X570S PG Riptide,ASRock,AM4,X570,DDR4
ASRock X670E PG Lightning,ASRock,AM5,X670E,DDR5
ASRock X670E Pro RS,ASRock,AM5,X670E,DDR5
ASRock X670E Steel Legend,ASRock,AM5,X670E,DDR5
ASRock X670E Taichi,ASRock,AM5,X670E,DDR5
ASRock X670E Taichi Carrara,ASRock,AM5,X670E,DDR5
ASRock X99 Extreme4,ASRock,2011-V3,X99,DDR4
ASRock X99 Extreme4/3.1 Intel X99,ASRock,2011-V3,X99,DDR4
ASRock X99 Extreme6,ASRock,2011-V3,X99,DDR4
ASRock X99 OC Formula,ASRock,2011-V3,X99,DDR4
ASRock X99M Extreme4,ASRock,2011-V3,X99,DDR4
ASRock X99M Killer,ASRock,2011-V3,X99,DDR4
ASRock X99X Killer,ASRock,2011-V3,X99,DDR4
ASRock Z170 Extreme4,ASRock,1151,Z170,DDR4
ASRock Z170 Extreme6,ASRock,1151,Z170,DDR4
ASRock Z170 Extreme6+,ASRock,1151,Z170,DDR4
ASRock Z170 Extreme7+,ASRock,1151,Z170,DDR4
ASRock Z170 Gaming K6,ASRock,1151,Z170,DDR4
ASRock Z170 Gaming-ITX/ac,ASRock,1151,Z170,DDR4
ASRock Z170 OC Formula USB3.1/DP/HDMI/M.2/SATAe,ASRock,1151,Z170,DDR4
ASRock Z170A-X1,ASRock,1151,Z170,DDR4
ASRock Z170M Pro4S USB3.0/SATA600/DVI/HDMI/M.2,ASRock,1151,Z170,DDR4
ASRock Z170M-ITX/AC,ASRock,1151,Z170,DDR4
ASRock Z270 Extreme4,ASRock,1151,Z270,DDR4
"ASRock Z270 SuperCarrier, Intel Z270",ASRock,1151,Z270,DDR4
ASRock Z270 Taichi,ASRock,1151,Z270,DDR4
ASRock Z270M Extreme4,ASRock,1151,Z270,DDR4
ASRock Z370 Extreme4,ASRock,1151,Z370,DDR4
ASRock Z370 Killer SLI,ASRock,1151,Z370,DDR4
ASRock Z370 Taichi,ASRock,1151,Z370,DDR4
ASRock Z370M ITX/ac,ASRock,1151,Z370,DDR4
ASRock Z390 M Pro 4,ASRock,1151,Z390,DDR4
ASRock Z390 Phantom Gaming 4,ASRock,1151,Z390,DDR4
ASRock Z390 Phantom Gaming-ITX/AC,ASRock,1151,Z390,DDR4
ASRock Z390 Pro 4,ASRock,1151,Z390,DDR4
ASRock Z390 Taichi Ultimate,ASRock,1151,Z390,DDR4
ASRock Z390M-ITX/AC,ASRock,1151,Z390,DDR4
ASRock Z490 Aqua,ASRock,1200,Z490,DDR4
ASRock Z490 Extreme4,ASRock,1200,Z490,DDR4
ASRock Z490 PG Velocita,ASRock,1200,Z490,DDR4
ASRock Z490 Phantom Gaming 4,ASRock,1200,Z490,DDR4
ASRock Z490 Phantom Gaming 4/ac,ASRock,1200,Z490,DDR4
ASRock Z490 Phantom Gaming-ITX/TB3,ASRock,1200,Z490,DDR4
ASRock Z490 Pro4,ASRock,1200,Z490,DDR4
ASRock Z490 Steel Legend,ASRock,1200,Z490,DDR4
ASRock Z490 Taichi,ASRock,1200,Z490,DDR4
ASRock Z490M Pro4,ASRock,1200,Z490,DDR4
ASRock Z490M-ITX/ac,ASRock,1200,Z490,DDR4
ASRock Z590 Extreme,ASRock,1200,Z590,DDR4
ASRock Z590 PG Velocita,ASRock,1200,Z590,DDR4
ASRock Z590 Phantom Gaming 4,ASRock,1200,Z590,DDR4
ASRock Z590 Pro4,ASRock,1200,Z590,DDR4
ASRock Z590 Steel Legend,ASRock,1200,Z590,DDR4
ASRock Z590 Taichi,ASRock,1200,Z590,DDR4
ASRock Z590M Phantom Gaming 4,ASRock,1200,Z590,DDR4
ASRock Z590M Pro4,ASRock,1200,Z590,DDR4
ASRock Z590M-ITX/ax,ASRock,1200,Z590,DDR4
ASRock Z790 LiveMixer,ASRock,1700,Z790,DDR5
ASRock Z790 PG Lightning/D4,ASRock,1700,Z790,DDR4
ASRock Z790 PG Riptide,ASRock,1700,Z790,DDR5
ASRock Z790 PG SONIC,ASRock,1700,Z790,DDR5
ASRock Z790 PG-ITX/TB4,ASRock,1700,Z790,DDR5
ASRock Z790 Pro RS,ASRock,1700,Z790,DDR5
ASRock Z790 Pro RS/D4,ASRock,1700,Z790,DDR4
ASRock Z790 Steel Legend WIFI,ASRock,1700,Z790,DDR5
ASRock Z790 Taichi,ASRock,1700,Z790,DDR5
ASRock Z790 Taichi Carrara,ASRock,1700,Z790,DDR5
ASRock Z790M PG Lightning/D4,ASRock,1700,Z790,DDR4
ASRock Z790M-ITX WIFI,ASRock,1700,Z790,DDR5
ASUS A88XM-E USB 3.1,ASUS,FM2+,A88X,DDR4
ASUS B150 Pro Gaming/Aura,ASUS,1151,B150,DDR4
Asus B150-PLUS,Asus,1151,B150,DDR4
ASUS B150-Pro,ASUS,1151,B150,DDR4
ASUS B150-PRO Gaming USB3.1/M.2/SATA600/HDMI/VGA,Asus,1151,B150,DDR4
ASUS B150I Pro Gaming/WiFi/Aura,ASUS,1151,B150,DDR4
ASUS B150M-C,ASUS,1151,B150,DDR4
ASUS B150M-PRO Gaming USB3.0/M.2/SATA600/HDMI,Asus,1151,B150,DDR4
ASUS B250 Mining Expert BTC,ASUS,1151,B250,DDR4
ASUS E3 PRO GAMING V5,ASUS,1151,C232,DDR4
ASUS EX-A320M,ASUS,AM4,A320,DDR4
Asus EX-B250-V7,Asus,1151,B250,DDR4
ASUS H110-PLUS,ASUS,1151,H110,DDR4
ASUS H110I-PLUS,ASUS,1151,H110,DDR4
ASUS H110M-A/M.2,ASUS,1151,H110,DDR4
ASUS H110M-C,ASUS,1151,H110,DDR4
ASUS H110M-D,ASUS,1151,H110,DDR4
Asus H110M-K,Asus,1151,H110,DDR4
ASUS H110M-K,ASUS,1151,H110,DDR4
ASUS H110M-PLUS USB3.1/GL/SATA600/DVI/VGA/HDMI,Asus,1151,H110,DDR4
Asus H170 PRO GAMING,Asus,1151,H170,DDR4
ASUS H170-PRO,ASUS,1151,H170,DDR4
ASUS H170-PRO Gaming,ASUS,1151,H170,DDR4
ASUS H170-PRO USB 3.1,ASUS,1151,H170,DDR4
ASUS H170I-Pro 2x GL/M.2/SATAe/DVI/HDMI/DP/VGA WiFi/BT ITX,Asus,1151,H170,DDR4
ASUS H170M-Plus,ASUS,1151,H170,DDR4
Asus H370 MINING MASTER,Asus,1151,H370,DDR4
"ASUS Maximus IX FORMULA, RoG",ASUS,1151,Z270,DDR4
"ASUS Maximus IX HERO, RoG",ASUS,1151,Z270,DDR4
"ASUS Maximus TUF MARK 1, RoG",ASUS,1151,Z270,DDR4
"ASUS Maximus TUF MARK 2, RoG",ASUS,1151,Z270,DDR4
ASUS Maximus VIII Extreme,ASUS,1151,Z170,DDR4
ASUS Maximus VIII GENE,ASUS,1151,Z170,DDR4
Asus MAXIMUS VIII GENE,Asus,1151,Z170,DDR4
ASUS Maximus VIII HERO,ASUS,1151,Z170,DDR4
ASUS Maximus VIII HERO ALPHA,ASUS,1151,Z170,DDR4
Asus MAXIMUS VIII IMPACT,Asus,1151,Z170,DDR4
"ASUS Maximus VIII Impact, RoG",ASUS,1151,Z170,DDR4
"ASUS Maximus X APEX, RoG",ASUS,1151,Z370,DDR4
ASUS Maximus X HERO + ASUS ROG Magnetic Addressable-RGB-LED-Strip,King Kits,1151,Z370,DDR4
Asus P10S WS,Asus,1151,C236,DDR4
ASUS P10S WS 2x GL/USB3.0/SATA600/VGA,Asus,1151,C236,DDR4
Asus P10S-M WS,Asus,1151,C236,DDR4
ASUS P10S-V/4L 4x GL/USB3.0/SATA600/VGA,Asus,1151,C236,DDR4
ASUS PRIME A320I-K/CSM,ASUS,AM4,A320,DDR4
ASUS PRIME A320M-A,ASUS,AM4,A320,DDR4
Asus PRIME A320M-A,Asus,AM4,A320,DDR4
ASUS PRIME A320M-E,ASUS,AM4,A320,DDR4
ASUS PRIME A320M-K,ASUS,AM4,A320,DDR4
ASUS PRIME A520M-E,ASUS,AM4,A520,DDR4
ASUS PRIME A520M-K,ASUS,AM4,A520,DDR4
ASUS PRIME B250-PLUS,ASUS,1151,B250,DDR4
ASUS PRIME B250-PRO,ASUS,1151,B250,DDR4
ASUS PRIME B250M-K,ASUS,1151,B250,DDR4
Asus PRIME B250M-PLUS,Asus,1151,B250,DDR4
ASUS PRIME B250M-PLUS,ASUS,1151,B250,DDR4
ASUS PRIME B350-PLUS,ASUS,AM4,B350,DDR4
Asus PRIME B350-PLUS,Asus,AM4,B350,DDR4
ASUS PRIME B350M-A,ASUS,AM4,B350,DDR4
ASUS PRIME B350M-E,ASUS,AM4,B350,DDR4
Asus PRIME B350M-E,Asus,AM4,B350,DDR4
ASUS PRIME B350M-K,ASUS,AM4,B350,DDR4
ASUS PRIME B360-Plus,ASUS,1151,B360,DDR4
Asus PRIME B360-PLUS,Asus,1151,B360,DDR4
ASUS PRIME B360M-A,ASUS,1151,B360,DDR4
Asus PRIME B360M-A,Asus,1151,B360,DDR4
Asus PRIME B360M-K,Asus,1151,B360,DDR4
ASUS PRIME B360M-K,ASUS,1151,B360,DDR4
ASUS PRIME B365M-A Gaming,ASUS,1151,B365,DDR4
Asus PRIME B450-PLUS,Asus,AM4,B450,DDR4
"ASUS PRIME B450-Plus, AMD B450",ASUS,AM4,B450,DDR4
ASUS PRIME B450M-A,ASUS,AM4,B450,DDR4
ASUS PRIME B450M-A II,ASUS,AM4,B450,DDR4
"ASUS PRIME B450M-K Gaming, AMD B450",ASUS,AM4,B450,DDR4
ASUS PRIME B450M-K II,ASUS,AM4,B450,DDR4
ASUS PRIME B460-PLUS,ASUS,1200,B460,DDR4
ASUS PRIME B460M-A,ASUS,1200,B460,DDR4
ASUS PRIME B460M-K,ASUS,1200,B460,DDR4
ASUS Prime B550-PLUS,ASUS,AM4,B550,DDR4
ASUS Prime B550M-A,ASUS,AM4,B550,DDR4
ASUS Prime B550M-A (Wi-Fi),ASUS,AM4,B550,DDR4
ASUS Prime B550M-K,ASUS,AM4,B550,DDR4
ASUS PRIME B560-PLUS,ASUS,1200,B560,DDR4
ASUS PRIME B560M-A,ASUS,1200,B560,DDR4
ASUS PRIME B560M-K,ASUS,1200,B560,DDR4
ASUS Prime B760-Plus D4,ASUS,1700,B760,DDR4
ASUS Prime B760M-A D4,ASUS,1700,B760,DDR4
ASUS Prime B760M-A WiFi D4,ASUS,1700,B760,DDR4
ASUS Prime B760M-K D4,ASUS,1700,B760,DDR4
ASUS PRIME H270-PLUS,ASUS,1151,H270,DDR4
Asus PRIME H270-PRO,Asus,1151,H270,DDR4
ASUS PRIME H270-PRO,ASUS,1151,H270,DDR4
ASUS PRIME H270M-PLUS,ASUS,1151,H270,DDR4
ASUS PRIME H310-Plus,ASUS,1151,H310,DDR4
ASUS PRIME H310M-A,ASUS,1151,H310,DDR4
Asus PRIME H310M-A,Asus,1151,H310,DDR4
ASUS PRIME H310M-D,ASUS,1151,H310,DDR4
ASUS PRIME H310M-E,ASUS,1151,H310,DDR4
Asus PRIME H310M-E,Asus,1151,H310,DDR4
ASUS PRIME H310M-E R2.0,ASUS,1151,H310,DDR4
ASUS PRIME H310M-K,ASUS,1151,H310,DDR4
ASUS PRIME H310M-K R2.0,ASUS,1151,H310,DDR4
ASUS PRIME H370-A,ASUS,1151,H370,DDR4
Asus PRIME H370-A,Asus,1151,H370,DDR4
ASUS PRIME H370-Plus,ASUS,1151,H370,DDR4
Asus PRIME H370-PLUS,Asus,1151,H370,DDR4
ASUS PRIME H370M-Plus,ASUS,1151,H370,DDR4
Asus PRIME H370M-PLUS,Asus,1151,H370,DDR4
ASUS PRIME H410M-A,ASUS,1200,H410,DDR4
ASUS PRIME H410M-D,ASUS,1200,H410,DDR4
ASUS PRIME H410M-E,ASUS,1200,H410,DDR4
ASUS PRIME H410M-K,ASUS,1200,H410,DDR4
ASUS PRIME H470-PLUS Gaming,ASUS,1200,H470,DDR4
ASUS PRIME H470M-PLUS Gaming,ASUS,1200,H470,DDR4
ASUS PRIME H510M-A,ASUS,1200,H510,DDR4
ASUS PRIME H510M-A WIFI,ASUS,1200,H510,DDR4
ASUS PRIME H510M-D Intel H510,ASUS,1200,H510,DDR4
ASUS PRIME H510M-E Intel H510,ASUS,1200,H510,DDR4
ASUS PRIME H510M-K Intel H510,ASUS,1200,H510,DDR4
ASUS PRIME H570-Plus,ASUS,1200,H570,DDR4
ASUS PRIME H570M-PLUS,ASUS,1200,H570,DDR4
ASUS Prime H610M-A D4,ASUS,1700,H610,DDR4
ASUS Prime H610M-A D4-CSM,ASUS,1700,H610,DDR4
ASUS Prime H610M-D D4,ASUS,1700,H610,DDR4
ASUS Prime H610M-E D4,ASUS,1700,H610,DDR4
ASUS Prime H610M-E D4-CSM,ASUS,1700,H610,DDR4
ASUS Prime H610M-K D4,ASUS,1700,H610,DDR4
ASUS Prime H770-Plus D4,ASUS,1700,H770,DDR4
ASUS Prime TRX40-Pro,ASUS,TRX40,TRX40,DDR4
ASUS Prime TRX40-Pro S,ASUS,TRX40,TRX40,DDR4
ASUS Prime X299 Edition 30,ASUS,2066,X299,DDR4
ASUS Prime X299-A,ASUS,2066,X299,DDR4
Asus PRIME X299-A,Asus,2066,X299,DDR4
ASUS Prime X299-A II,ASUS,2066,X299,DDR4
ASUS Prime X299-DELUXE,ASUS,2066,X299,DDR4
Asus PRIME X299-DELUXE,Asus,2066,X299,DDR4
ASUS Prime X299-DELUXE II,ASUS,2066,X299,DDR4
ASUS PRIME X370-A,ASUS,AM4,X370,DDR4
Asus PRIME X370-A,Asus,AM4,X370,DDR4
ASUS PRIME X370-PRO,ASUS,AM4,X370,DDR4
ASUS PRIME X399-A,ASUS,TR4,X399,DDR4
Asus PRIME X399-A,Asus,TR4,X399,DDR4
Asus PRIME X470-PRO,Asus,AM4,X470,DDR4
"ASUS PRIME X470-Pro, AMD X470",ASUS,AM4,X470,DDR4
"ASUS Prime X570-P, AMD X570",ASUS,AM4,X570,DDR4
"ASUS Prime X570-Pro, AMD X570",ASUS,AM4,X570,DDR4
ASUS Prime X670-P,ASUS,AM5,X670E,DDR5
ASUS Prime X670-P WiFi,ASUS,AM5,X670E,DDR5
ASUS Prime X670E-Pro WiFi,ASUS,AM5,X670E,DDR5
ASUS PRIME Z270-A,ASUS,1151,Z270,DDR4
Asus PRIME Z270-AR,Asus,1151,Z270,DDR4
ASUS PRIME Z270-K,ASUS,1151,Z270,DDR4
Asus PRIME Z270-K,Asus,1151,Z270,DDR4
Asus PRIME Z270M-PLUS,Asus,1151,Z270,DDR4
ASUS PRIME Z370-A,ASUS,1151,Z370,DDR4
Asus PRIME Z370-A,Asus,1151,Z370,DDR4
ASUS PRIME Z370-A II,ASUS,1151,Z370,DDR4
ASUS PRIME Z370-P,ASUS,1151,Z370,DDR4
Asus PRIME Z370-P,Asus,1151,Z370,DDR4
ASUS PRIME Z370-P II,ASUS,1151,Z370,DDR4
ASUS PRIME Z390-A,ASUS,1151,Z390,DDR4
ASUS PRIME Z390-P,ASUS,1151,Z390,DDR4
ASUS PRIME Z390M-PLUS,ASUS,1151,Z390,DDR4
ASUS PRIME Z490-A,ASUS,1200,Z490,DDR4
ASUS PRIME Z590-A,ASUS,1200,Z590,DDR4
ASUS PRIME Z590-P,ASUS,1200,Z590,DDR4
ASUS PRIME Z590M-PLUS,ASUS,1200,Z590,DDR4
ASUS PRIME Z690-A,ASUS,1700,Z690,DDR5
ASUS PRIME Z690-P D4-CSM,ASUS,1700,Z690,DDR4
ASUS PRIME Z690M-PLUS D4,ASUS,1700,Z690,DDR4
ASUS Prime Z790-P WiFi,ASUS,1700,Z790,DDR5
ASUS Pro B660M-C D4-CSM,ASUS,1700,B660,DDR4
ASUS PRO WS W480-ACE,ASUS,1200,W480,DDR4
ASUS Pro WS X299 Sage II,ASUS,2066,X299,DDR4
"ASUS Pro WS X570-ACE, AMD X570",ASUS,AM4,X570,DDR4
ASUS ProART B660-Creator D4,ASUS,1700,B660,DDR4
ASUS ProArt X570-Creator WiFi,ASUS,AM4,X570,DDR4
ASUS ProArt X670E-Creator WiFI,ASUS,AM5,X670E,DDR5
ASUS ProART Z490-CREATOR 10G,ASUS,1200,Z490,DDR4
ASUS ProArt Z690-CREATOR WIFI,ASUS,1700,Z690,DDR5
ASUS ProArt Z790 Creator WiFi,ASUS,1700,Z790,DDR5
ASUS Q170M-C GL/SATA600/VGA/DVI/HDMI/DP,Asus,1151,Q170,DDR4
ASUS Q170T 2x GL/M.2/SATA600//HDMI/DP Mini ITX,Asus,1151,Q170,DDR4
"ASUS Rampage V Edition 10, Intel X99, RoG",ASUS,2011-V3,X99,DDR4
"ASUS Rampage V Extreme USB 3.1, Intel X99, RoG",ASUS,2011-V3,X99,DDR4
Asus ROG CROSSHAIR VI EXTREME,Asus,AM4,X370,DDR4
"ASUS ROG Crosshair VI Extreme, AMD X370",ASUS,AM4,X370,DDR4
ASUS ROG Crosshair VI HERO,ASUS,AM4,X370,DDR4
Asus ROG CROSSHAIR VI HERO,Asus,AM4,X370,DDR4
ASUS ROG Crosshair VI HERO (WI-FI AC),ASUS,AM4,X370,DDR4
Asus ROG CROSSHAIR VI HERO (WI-FI AC),Asus,AM4,X370,DDR4
Asus ROG CROSSHAIR VII HERO,Asus,AM4,X470,DDR4
"ASUS ROG Crosshair VII Hero (Wi-Fi), AMD X470",ASUS,AM4,X470,DDR4
"ASUS ROG Crosshair VII HERO Gaming, AMD X470",ASUS,AM4,X470,DDR4
ASUS ROG Crosshair VIII Dark Hero,ASUS,AM4,X570,DDR4
ASUS ROG Crosshair VIII Extreme,ASUS,AM4,X570,DDR4
"ASUS ROG Crosshair VIII Formula, AMD X570",ASUS,AM4,X570,DDR4
"ASUS ROG Crosshair VIII Hero (WI-FI), AMD X570",ASUS,AM4,X570,DDR4
"ASUS ROG Crosshair VIII Hero, AMD X570",ASUS,AM4,X570,DDR4
"ASUS ROG Crosshair VIII Impact, AMD X570-, Mini-DTX",ASUS,AM4,X570,DDR4
ASUS ROG Crosshair X670E Extreme,ASUS,AM5,X670E,DDR5
ASUS ROG Crosshair X670E Gene,ASUS,AM5,X670E,DDR5
ASUS ROG Crosshair X670E Hero,ASUS,AM5,X670E,DDR5
ASUS ROG Maximus IX APEX,ASUS,1151,Z270,DDR4
ASUS ROG Maximus IX CODE,ASUS,1151,Z270,DDR4
ASUS ROG Maximus IX Extreme,ASUS,1151,Z270,DDR4
Asus ROG MAXIMUS IX EXTREME,Asus,1151,Z270,DDR4
Asus ROG MAXIMUS IX FORMULA,Asus,1151,Z270,DDR4
Asus ROG MAXIMUS IX HERO,Asus,1151,Z270,DDR4
Asus ROG MAXIMUS VIII HERO ALPHA,Asus,1151,Z170,DDR4
Asus ROG MAXIMUS X APEX,Asus,1151,Z370,DDR4
ASUS ROG MAXIMUS X CODE,ASUS,1151,Z370,DDR4
Asus ROG MAXIMUS X CODE,Asus,1151,Z370,DDR4
Asus ROG MAXIMUS X FORMULA,Asus,1151,Z370,DDR4
ASUS ROG MAXIMUS X HERO,ASUS,1151,Z370,DDR4
Asus ROG MAXIMUS X HERO (WI-FI AC),Asus,1151,Z370,DDR4
ASUS ROG MAXIMUS X HERO Wi-Fi,ASUS,1151,Z370,DDR4
ASUS ROG Maximus XI APEX,ASUS,1151,Z390,DDR4
ASUS ROG Maximus XI CODE,ASUS,1151,Z390,DDR4
ASUS ROG Maximus XI Extreme,ASUS,1151,Z390,DDR4
ASUS ROG Maximus XI FORMULA,ASUS,1151,Z390,DDR4
ASUS ROG Maximus XI GENE,ASUS,1151,Z390,DDR4
ASUS ROG Maximus XI HERO,ASUS,1151,Z390,DDR4
ASUS ROG Maximus XI HERO Wi-Fi,ASUS,1151,Z390,DDR4
ASUS ROG Maximus XI HERO Wi-Fi CE,ASUS,1151,Z390,DDR4
ASUS ROG Maximus XII Extreme,ASUS,1200,Z490,DDR4
ASUS ROG Maximus XII Formula,ASUS,1200,Z490,DDR4
ASUS ROG Maximus XII Hero Wi-Fi,ASUS,1200,Z490,DDR4
ASUS ROG Maximus XIII APEX,ASUS,1200,Z590,DDR4
ASUS ROG Maximus XIII Extreme,ASUS,1200,Z590,DDR4
ASUS ROG Maximus XIII Extreme GLACIAL,ASUS,1200,Z590,DDR4
ASUS ROG Maximus XIII HERO,ASUS,1200,Z590,DDR4
ASUS ROG MAXIMUS Z690 APEX,ASUS,1700,Z690,DDR5
ASUS ROG MAXIMUS Z690 EXTREME,ASUS,1700,Z690,DDR5
ASUS ROG MAXIMUS Z690 EXTREME GLACIAL,ASUS,1700,Z690,DDR5
ASUS ROG MAXIMUS Z690 FORMULA,ASUS,1700,Z690,DDR5
ASUS ROG MAXIMUS Z690 HERO,ASUS,1700,Z690,DDR5
ASUS ROG Maximus Z790 Extreme,ASUS,1700,Z790,DDR5
Asus ROG RAMPAGE V EDITION 10,Asus,2011-v3,X99,DDR4
ASUS ROG Rampage VI APEX,ASUS,2066,X299,DDR4
ASUS ROG Rampage VI Extreme,ASUS,2066,X299,DDR4
ASUS ROG Rampage VI EXTREME ENCORE,ASUS,2066,X299,DDR4
ASUS ROG Rampage VI Extreme OMEGA,ASUS,2066,X299,DDR4
Asus ROG STRIX B250F GAMING,Asus,1151,B250,DDR4
ASUS ROG STRIX B250F Gaming,ASUS,1151,B250,DDR4
Asus ROG STRIX B250G GAMING,Asus,1151,B250,DDR4
Asus ROG STRIX B250I GAMING,Asus,1151,B250,DDR4
ASUS ROG STRIX B350-F Gaming,ASUS,AM4,B350,DDR4
Asus ROG STRIX B350-I GAMING,Asus,AM4,B350,DDR4
ASUS ROG Strix B360-F Gaming,ASUS,1151,B360,DDR4
ASUS ROG Strix B360-G Gaming,ASUS,1151,B360,DDR4
ASUS ROG Strix B360-H Gaming,ASUS,1151,B360,DDR4
Asus ROG STRIX B360-H GAMING,Asus,1151,B360,DDR4
ASUS ROG Strix B360-I Gaming,ASUS,1151,B360,DDR4
Asus ROG STRIX B360-I GAMING,Asus,1151,B360,DDR4
"ASUS ROG Strix B450-E Gaming, AMD B450",ASUS,AM4,B450,DDR4
"ASUS ROG Strix B450-F Gaming, AMD B450",ASUS,AM4,B450,DDR4
ASUS ROG Strix B450-F II Gaming,ASUS,AM4,B450,DDR4
Asus ROG STRIX B450-I GAMING,Asus,AM4,B450,DDR4
"ASUS ROG Strix B450-I Gaming, AMD B450",ASUS,AM4,B450,DDR4
ASUS ROG Strix B460-F Gaming,ASUS,1200,B460,DDR4
ASUS ROG Strix B460-G Gaming,ASUS,1200,B460,DDR4
ASUS ROG Strix B460-H Gaming,ASUS,1200,B460,DDR4
ASUS ROG Strix B460-I Gaming,ASUS,1200,B460,DDR4
ASUS ROG STRIX B550-E Gaming,ASUS,AM4,B550,DDR4
ASUS ROG STRIX B550-F Gaming,ASUS,AM4,B550,DDR4
ASUS ROG STRIX B550-F Gaming (Wi-Fi),ASUS,AM4,B550,DDR4
ASUS ROG STRIX B550-F Gaming WiFi II,ASUS,AM4,B550,DDR4
ASUS ROG STRIX B550-I Gaming,ASUS,AM4,B550,DDR4
ASUS ROG Strix B550-XE Gaming Wifi,ASUS,AM4,B550,DDR4
ASUS ROG Strix B560-A Gaming (WI-FI) Gaming,ASUS,1200,B560,DDR4
ASUS ROG Strix B560-E Gaming Wi-Fi,ASUS,1200,B560,DDR4
ASUS ROG Strix B560-G Gaming (Wi-Fi),ASUS,1200,B560,DDR4
ASUS ROG Strix B560-I Gaming (Wi-Fi),ASUS,1200,B560,DDR4
ASUS ROG STRIX B660-A Gaming WiFi D4,ASUS,1700,B660,DDR4
ASUS ROG STRIX B660-F Gaming WiFi,ASUS,1700,B660,DDR5
ASUS ROG STRIX B660-G Gaming WiFi,ASUS,1700,B660,DDR5
ASUS ROG STRIX B660-I Gaming WiFi,ASUS,1700,B660,DDR5
ASUS ROG Strix B760-A Gaming WiFi D4,ASUS,1700,B760,DDR4
ASUS ROG Strix B760-F Gaming WiFi,ASUS,1700,B760,DDR4
ASUS ROG Strix B760-G Gaming WiFi D4,ASUS,1700,B760,DDR4
ASUS ROG Strix B760-I Gaming WiFi,ASUS,1700,B760,DDR4
Asus ROG STRIX H270F GAMING,Asus,1151,H270,DDR4
Asus ROG STRIX H270I GAMING,Asus,1151,H270,DDR4
ASUS ROG Strix H370-F Gaming,ASUS,1151,H370,DDR4
Asus ROG STRIX H370-F GAMING,Asus,1151,H370,DDR4
ASUS ROG Strix H370-I Gaming,ASUS,1151,H370,DDR4
ASUS ROG Strix H470-I Gaming,ASUS,1200,H470,DDR4
ASUS ROG Strix TRX40-E Gaming,ASUS,TRX40,TRX40,DDR4
ASUS ROG STRIX TRX40-XE Gaming,ASUS,TRX40,TRX40,DDR4
ASUS ROG Strix X299-E Gaming,ASUS,2066,X299,DDR4
ASUS ROG Strix X299-E Gaming II,ASUS,2066,X299,DDR4
Asus ROG STRIX X299-XE GAMING,Asus,2066,X299,DDR4
ASUS ROG STRIX X370-F Gaming,ASUS,AM4,X370,DDR4
Asus ROG STRIX X370-F GAMING,Asus,AM4,X370,DDR4
Asus ROG STRIX X370-I GAMING,Asus,AM4,X370,DDR4
ASUS ROG STRIX X399-E,ASUS,TR4,X399,DDR4
Asus ROG STRIX X470-F GAMING,Asus,AM4,X470,DDR4
"ASUS ROG Strix X470-F Gaming, AMD X470",ASUS,AM4,X470,DDR4
ASUS ROG Strix X570-E Gaming Wifi II,ASUS,AM4,X570,DDR4
"ASUS ROG Strix X570-E Gaming, AMD X570",ASUS,AM4,X570,DDR4
"ASUS ROG Strix X570-F Gaming, AMD X570",ASUS,AM4,X570,DDR4
"ASUS ROG Strix X570-I Gaming, AMD X570",ASUS,AM4,X570,DDR4
ASUS ROG Strix X670E-A Gaming WiFi,ASUS,AM5,X670E,DDR5
ASUS ROG Strix X670E-E Gaming,ASUS,AM5,X670E,DDR5
ASUS ROG Strix X670E-F Gaming WiFi,ASUS,AM5,X670E,DDR5
ASUS ROG Strix X670E-I Gaming WiFi,ASUS,AM5,X670E,DDR5
Asus ROG STRIX X99 GAMING,Asus,2011-v3,X99,DDR4
Asus ROG STRIX Z270E GAMING,Asus,1151,Z270,DDR4
Asus ROG STRIX Z270F GAMING,Asus,1151,Z270,DDR4
Asus ROG STRIX Z270G GAMING,Asus,1151,Z270,DDR4
Asus ROG STRIX Z270H GAMING,Asus,1151,Z270,DDR4
Asus ROG Strix Z270I Gaming,Asus,1151,Z270,DDR4
ASUS ROG STRIX Z370-F Gaming,ASUS,1151,Z370,DDR4
Asus ROG STRIX Z370-F GAMING,Asus,1151,Z370,DDR4
ASUS ROG STRIX Z370-G Gaming,ASUS,1151,Z370,DDR4
Asus ROG STRIX Z370-G GAMING (WI-FI AC),Asus,1151,Z370,DDR4
ASUS ROG STRIX Z370-G Wi-Fi Gaming,ASUS,1151,Z370,DDR4
ASUS ROG STRIX Z370-H Gaming,ASUS,1151,Z370,DDR4
Asus ROG STRIX Z370-H GAMING,Asus,1151,Z370,DDR4
ASUS ROG STRIX Z370-I Gaming,ASUS,1151,Z370,DDR4
Asus ROG STRIX Z370-I GAMING,Asus,1151,Z370,DDR4
ASUS ROG Strix Z390-E Gaming,ASUS,1151,Z390,DDR4
ASUS ROG Strix Z390-F Gaming,ASUS,1151,Z390,DDR4
ASUS ROG Strix Z390-H Gaming,ASUS,1151,Z390,DDR4
ASUS ROG Strix Z390-I Gaming,ASUS,1151,Z390,DDR4
ASUS ROG Strix Z490-A Gaming,ASUS,1200,Z490,DDR4
ASUS ROG Strix Z490-E Gaming,ASUS,1200,Z490,DDR4
ASUS ROG Strix Z490-F Gaming,ASUS,1200,Z490,DDR4
ASUS ROG Strix Z490-G Gaming WifI,ASUS,1200,Z490,DDR4
ASUS ROG Strix Z490-H Gaming,ASUS,1200,Z490,DDR4
ASUS ROG Strix Z490-I Gaming,ASUS,1200,Z490,DDR4
ASUS ROG Strix Z590-A Gaming WiFi,ASUS,1200,Z590,DDR4
ASUS ROG Strix Z590-E Gaming WiFi,ASUS,1200,Z590,DDR4
ASUS ROG Strix Z590-F Gaming WiFi,ASUS,1200,Z590,DDR4
ASUS ROG Strix Z590-I Gaming WiFi,ASUS,1200,Z590,DDR4
ASUS ROG STRIX Z690-A GAMING WIFI D4,ASUS,1700,Z690,DDR4
ASUS ROG STRIX Z690-E GAMING WIFI,ASUS,1700,Z690,DDR5
ASUS ROG STRIX Z690-F GAMING WIFI,ASUS,1700,Z690,DDR5
ASUS ROG STRIX Z690-G GAMING WIFI,ASUS,1700,Z690,DDR5
ASUS ROG STRIX Z690-I GAMING WIFI,ASUS,1700,Z690,DDR5
ASUS ROG WS Z390 PRO,ASUS,1151,Z390,DDR4
ASUS ROG Zenith II Extreme,ASUS,TRX40,TRX40,DDR4
ASUS ROG Zenith II Extreme ALPHA,ASUS,TRX40,TRX40,DDR4
Asus SABERTOOTH X99,Asus,2011-v3,X99,DDR4
ASUS Sabertooth Z170 Mark 1,ASUS,1151,Z170,DDR4
ASUS SABERTOOTH Z170 S USB3.1/SATA600/SATAe/M.2/DP/HDMI,Asus,1151,Z170,DDR4
ASUS STRIX B250I Gaming,ASUS,1151,B250,DDR4
"ASUS STRIX B350-I Gaming, Rog",ASUS,AM4,B350,DDR4
ASUS STRIX H270F Gaming,ASUS,1151,H270,DDR4
ASUS STRIX H270I Gaming,ASUS,1151,H270,DDR4
"ASUS STRIX X370-I Gaming, RoG",ASUS,AM4,X370,DDR4
"ASUS Strix X470-I Gaming, RoG",ASUS,AM4,X470,DDR4
"ASUS STRIX Z270E Gaming, RoG",ASUS,1151,Z270,DDR4
"ASUS STRIX Z270F Gaming, RoG",ASUS,1151,Z270,DDR4
"ASUS STRIX Z270H Gaming, RoG",ASUS,1151,Z270,DDR4
ASUS STRIX Z270I Gaming ROG,ASUS,1151,Z270,DDR4
"ASUS STRIX Z370-E Gaming, RoG",ASUS,1151,Z370,DDR4
ASUS TUF B350M-PLUS Gaming,ASUS,AM4,B350,DDR4
Asus TUF B350M-PLUS GAMING,Asus,AM4,B350,DDR4
Asus TUF B360-PLUS GAMING,Asus,1151,B360,DDR4
ASUS TUF B360-Plus Gaming,ASUS,1151,B360,DDR4
ASUS TUF B360-Pro Gaming,ASUS,1151,B360,DDR4
ASUS TUF B360-Pro Gaming (Wi-Fi),ASUS,1151,B360,DDR4
Asus TUF B360-PRO GAMING (WI-FI),Asus,1151,B360,DDR4
ASUS TUF B360M-E Gaming,ASUS,1151,B360,DDR4
Asus TUF B360M-E GAMING,Asus,1151,B360,DDR4
ASUS TUF B360M-Plus Gaming,ASUS,1151,B360,DDR4
Asus TUF B360M-PLUS GAMING,Asus,1151,B360,DDR4
Asus TUF B450-PLUS GAMING,Asus,AM4,B450,DDR4
"ASUS TUF B450-Plus Gaming, AMD B450",ASUS,AM4,B450,DDR4
ASUS TUF B450-PLUS II Gaming,ASUS,AM4,B450,DDR4
"ASUS TUF B450-PRO Gaming, AMD B450",ASUS,AM4,B450,DDR4
"ASUS TUF B450M-Plus Gaming, AMD B450",ASUS,AM4,B450,DDR4
ASUS TUF B450M-Plus II Gaming,ASUS,AM4,B450,DDR4
"ASUS TUF B450M-PRO Gaming, AMD B450",ASUS,AM4,B450,DDR4
ASUS TUF B450M-PRO II Gaming,ASUS,AM4,B450,DDR4
ASUS TUF B460-PLUS Gaming,ASUS,1200,B460,DDR4
ASUS TUF B460-PRO (WI-FI) Gaming,ASUS,1200,B460,DDR4
ASUS TUF B460M-PLUS (WI-FI) Gaming,ASUS,1200,B460,DDR4
ASUS TUF Gaming B550-PLUS,ASUS,AM4,B550,DDR4
ASUS TUF Gaming B550-PLUS (Wi-Fi) II,ASUS,AM4,B550,DDR4
ASUS TUF Gaming B550M-PLUS,ASUS,AM4,B550,DDR4
ASUS TUF Gaming B550M-PLUS (Wi-Fi),ASUS,AM4,B550,DDR4
ASUS TUF Gaming B550M-PLUS Wi-Fi II,ASUS,AM4,B550,DDR4
ASUS TUF Gaming B560-PLUS Gaming (WI-FI),ASUS,1200,B560,DDR4
ASUS TUF Gaming B560M-E Gaming (WI-FI),ASUS,1200,B560,DDR4
ASUS TUF Gaming B560M-PLUS,ASUS,1200,B560,DDR4
ASUS TUF Gaming B560M-PLUS (WI-FI),ASUS,1200,B560,DDR4
ASUS TUF Gaming B660M-E D4,ASUS,1700,B660,DDR4
ASUS TUF Gaming B660M-Plus D4,ASUS,1700,B660,DDR4
ASUS TUF Gaming B660M-Plus WiFi D4,ASUS,1700,B660,DDR4
ASUS TUF Gaming B760-Plus WiFi D4,ASUS,1700,B760,DDR4
ASUS TUF Gaming B760M-Plus D4,ASUS,1700,B760,DDR4
ASUS TUF Gaming B760M-Plus WiFi D4,ASUS,1700,B760,DDR4
ASUS TUF Gaming H570-Pro,ASUS,1200,H570,DDR4
ASUS TUF Gaming H570-Pro (WI-FI),ASUS,1200,H570,DDR4
ASUS TUF Gaming H770-Pro WiFi,ASUS,1700,H770,DDR5
"ASUS TUF Gaming X570-Plus (WI-FI), AMD X570",ASUS,AM4,X570,DDR4
"ASUS TUF Gaming X570-Plus, AMD X570",ASUS,AM4,X570,DDR4
ASUS TUF Gaming X570-Pro Wifi II,ASUS,AM4,X570,DDR4
ASUS TUF Gaming X670E-Plus,ASUS,AM5,X670E,DDR5
ASUS TUF Gaming X670E-Plus WiFi,ASUS,AM5,X670E,DDR5
ASUS TUF Gaming Z590-PLUS,ASUS,1200,Z590,DDR4
ASUS TUF Gaming Z590-PLUS WiFi,ASUS,1200,Z590,DDR4
ASUS TUF GAMING Z690-PLUS D4,ASUS,1700,Z690,DDR4
ASUS TUF Gaming Z790-Plus WiFi D4,ASUS,1700,Z790,DDR4
ASUS TUF H310-Plus Gaming,ASUS,1151,H310,DDR4
Asus TUF H310-PLUS GAMING,Asus,1151,H310,DDR4
Asus TUF H310M-PLUS GAMING,Asus,1151,H310,DDR4
ASUS TUF H310M-Plus Gaming,ASUS,1151,H310,DDR4
ASUS TUF H370-Pro Gaming,ASUS,1151,H370,DDR4
ASUS TUF H370-Pro Gaming (Wi-Fi),ASUS,1151,H370,DDR4
ASUS TUF H470-PRO (WI-FI) Gaming,ASUS,1200,H470,DDR4
ASUS TUF H470-PRO Gaming,ASUS,1200,H470,DDR4
ASUS TUF X299 MARK 1,ASUS,2066,X299,DDR4
ASUS TUF X299 MARK 2,ASUS,2066,X299,DDR4
Asus TUF X299 MARK 2,Asus,2066,X299,DDR4
ASUS TUF X470-Plus Gaming,ASUS,AM4,X470,DDR4
Asus TUF X470-PLUS GAMING,Asus,AM4,X470,DDR4
Asus TUF Z270 MARK 1,Asus,1151,Z270,DDR4
Asus TUF Z270 MARK 2,Asus,1151,Z270,DDR4
Asus TUF Z370-PLUS GAMING,Asus,1151,Z370,DDR4
ASUS TUF Z370-PLUS Gaming,ASUS,1151,Z370,DDR4
Asus TUF Z370-PRO GAMING,Asus,1151,Z370,DDR4
"ASUS TUF Z370-PRO Gaming, RoG",ASUS,1151,Z370,DDR4
ASUS TUF Z390-PLUS Gaming,ASUS,1151,Z390,DDR4
ASUS TUF Z390-PLUS Gaming Wi-Fi,ASUS,1151,Z390,DDR4
ASUS TUF Z390-PRO Gaming,ASUS,1151,Z390,DDR4
ASUS TUF Z390M-PRO Gaming,ASUS,1151,Z390,DDR4
ASUS TUF Z390M-PRO Gaming Wi-Fi,ASUS,1151,Z390,DDR4
ASUS TUF Z490-PLUS Gaming,ASUS,1200,Z490,DDR4
ASUS TUF Z490-PLUS Gaming Wi-Fi,ASUS,1200,Z490,DDR4
ASUS WS X299 PRO,ASUS,2066,X299,DDR4
ASUS WS X299 Pro/SE,ASUS,2066,X299,DDR4
ASUS WS X299 SAGE,ASUS,2066,X299,DDR4
ASUS WS X299 SAGE/10G,ASUS,2066,X299,DDR4
ASUS X99 Sabertooth,ASUS,2011-V3,X99,DDR4
ASUS X99 STRIX Gaming,ASUS,2011-V3,X99,DDR4
ASUS X99-A II,ASUS,2011-V3,X99,DDR4
Asus X99-DELUXE II,Asus,2011-v3,X99,DDR4
ASUS X99-E,ASUS,2011-V3,X99,DDR4
Asus X99-E,Asus,2011-v3,X99,DDR4
ASUS X99-E WS 2xGL/SATA600/eSATA/SATAe/M.2 SSI Workstation,Asus,2011-3,X99 Express,DDR4
ASUS X99-E WS USB 3.1,ASUS,2011-V3,X99,DDR4
ASUS X99-E-10G WS,ASUS,2011-V3,X99,DDR4
Asus X99-E-10G WS,Asus,2011-v3,X99,DDR4
ASUS X99-M WS,ASUS,2011-V3,X99,DDR4
ASUS Z10PA-D8,ASUS,2011-V3,C612,DDR4
ASUS Z10PE-D16 WS,ASUS,2011-V3,C612,DDR4
Asus Z10PE-D16 WS,Asus,2011-3,C612 PCH,DDR4
ASUS Z10PE-D8 WS,ASUS,2011-V3,C612,DDR4
Asus Z10PE-D8 WS,Asus,2011-v3,C612 PCH,DDR4
ASUS Z170 Pro Gaming,ASUS,1151,Z170,DDR4
ASUS Z170 Pro Gaming Aura,ASUS,1151,Z170,DDR4
Asus Z170-A,Asus,1151,Z170,DDR4
ASUS Z170-A,ASUS,1151,Z170,DDR4
ASUS Z170-Deluxe,ASUS,1151,Z170,DDR4
Asus Z170-E,Asus,1151,Z170,DDR4
ASUS Z170-E USB3.1/M.2/SATAe/SATA600/DVI/HDMI Z170,Asus,1151,Z170,DDR4
ASUS Z170-K,ASUS,1151,Z170,DDR4
Asus Z170-K,Asus,1151,Z170,DDR4
ASUS Z170-PRO,ASUS,1151,Z170,DDR4
Asus Z170-PRO,Asus,1151,Z170,DDR4
ASUS Z170-WS,ASUS,1151,Z170,DDR4
ASUS Z170-WS 2x GLAN/USB3.1/SATA600/M.2/DP/HDMI,Asus,1151,Z170,DDR4
Asus Z170I PRO GAMING,Asus,1151,Z170,DDR4
ASUS Z170I Pro Gaming,ASUS,1151,Z170,DDR4
ASUS Z170M-Plus,ASUS,1151,Z170,DDR4
Biostar A320MD Pro,Biostar,AM4,A320,DDR4
Biostar B350ET2,Biostar,AM4,B350,DDR4
Biostar B350GT3,Biostar,AM4,B350,DDR4
Biostar B350GT5,Biostar,AM4,B350,DDR4
Biostar B350GTN,Biostar,AM4,B350,DDR4
Biostar X370GT3,Biostar,AM4,X370,DDR4
Biostar X370GT5,Biostar,AM4,X370,DDR4
Biostar X370GT7,Biostar,AM4,X370,DDR4
Biostar X370GTN,Biostar,AM4,X370,DDR4
Biostar Z370GT6,Biostar,1151,Z370,DDR4
EVGA X299 Dark,EVGA,2066,X299,DDR4
EVGA X299 FTW-K,EVGA,2066,X299,DDR4
EVGA X299 Micro,EVGA,2066,X299,DDR4
EVGA X99 FTW,EVGA,2011-V3,X99,DDR4
EVGA X99 FTW K,EVGA,2011-V3,X99,DDR4
EVGA X99 Micro2,EVGA,2011-V3,X99,DDR4
EVGA Z170 Classified 4-Way,EVGA,1151,Z170,DDR4
EVGA Z170 Classified K,EVGA,1151,Z170,DDR4
EVGA Z170 FTW,EVGA,1151,Z170,DDR4
EVGA Z170 Stinger,EVGA,1151,Z170,DDR4
EVGA Z270 Classified K,EVGA,1151,Z270,DDR4
EVGA Z270 FTW K,EVGA,1151,Z270,DDR4
EVGA Z270 Stinger,EVGA,1151,Z270,DDR4
EVGA Z370 Classified K,EVGA,1151,Z370,DDR4
EVGA Z370 FTW,EVGA,1151,Z370,DDR4
EVGA Z370 Micro ATX,EVGA,1151,Z370,DDR4
"Gigabyte A320M-DS2, AMD A320-",Gigabyte,AM4,A320,DDR4
Gigabyte A320M-S2H,Gigabyte,AM4,A320,DDR4
Gigabyte A520 Aorus Elite,Gigabyte,AM4,A520,DDR4
Gigabyte A520I AC,Gigabyte,AM4,A520,DDR4
Gigabyte A520M DS3H,Gigabyte,AM4,A520,DDR4
Gigabyte A520M H,Gigabyte,AM4,A520,DDR4
Gigabyte A520M S2H,Gigabyte,AM4,A520,DDR4
"Gigabyte AB350-Gaming 3, AMD B350",Gigabyte,AM4,B350,DDR4
"Gigabyte AB350-Gaming, AMD B350",Gigabyte,AM4,B350,DDR4
"Gigabyte AB350M Gaming 3, AMD B350-",Gigabyte,AM4,B350,DDR4
"Gigabyte AB350M-HD3, AMD B350",Gigabyte,AM4,B350,DDR4
Gigabyte AB350N Gaming WIFI,Gigabyte,AM4,B350,DDR4
Gigabyte Aorus X299 Ultra Gaming Pro,Gigabyte,2066,X299,DDR4
Gigabyte Aorus X299-Gaming 3,Gigabyte,2066,X299,DDR4
Gigabyte Aorus X299-Gaming 3 Pro,Gigabyte,2066,X299,DDR4
Gigabyte Aorus X299-Gaming 7,Gigabyte,2066,X299,DDR4
Gigabyte Aorus X299-Gaming 7 Pro,Gigabyte,2066,X299,DDR4
Gigabyte Aorus X299-Gaming 9,Gigabyte,2066,X299,DDR4
Gigabyte Aorus X299-Ultra Gaming,Gigabyte,2066,X299,DDR4
Gigabyte Aorus Z270X-Gaming 7,Gigabyte,1151,Z270,DDR4
Gigabyte Aorus Z270X-Gaming 8,Gigabyte,1151,Z270,DDR4
Gigabyte Aorus Z270X-Gaming K5,Gigabyte,1151,Z270,DDR4
"Gigabyte AX370-Gaming 3, AMD X370",Gigabyte,AM4,X370,DDR4
"Gigabyte AX370-Gaming 5, AMD X370",Gigabyte,AM4,X370,DDR4
"Gigabyte AX370-Gaming K3, AMD X370",Gigabyte,AM4,X370,DDR4
"Gigabyte AX370-Gaming K5, AMD X370-",Gigabyte,AM4,X370,DDR4
"Gigabyte AX370-Gaming K7, AMD X370",Gigabyte,AM4,X370,DDR4
"Gigabyte AX370M-Gaming 3, AMD X370-",Gigabyte,AM4,X370,DDR4
Gigabyte B150M-D3H,Gigabyte,1151,B150,DDR4
Gigabyte B250-FinTech 11+1 BTC Edition,Gigabyte,1151,B250,DDR4
Gigabyte B250-HD3P,Gigabyte,1151,B250,DDR4
Gigabyte B250M-D2V,Gigabyte,1151,B250,DDR4
Gigabyte B250M-D3H,Gigabyte,1151,B250,DDR4
Gigabyte B250N Phoenix WIFI,Gigabyte,1151,Z270,DDR4
Gigabyte B360 Aorus Gaming 3 WIFI,Gigabyte,1151,B360,DDR4
Gigabyte B360M D2V,Gigabyte,1151,B360,DDR4
Gigabyte B360M H,Gigabyte,1151,B360,DDR4
Gigabyte B360N WIFI,Gigabyte,1151,B360,DDR4
"Gigabyte B450 Aorus Elite, AMD B450",Gigabyte,AM4,B450,DDR4
"Gigabyte B450 Aorus Pro, AMD B450",Gigabyte,AM4,B450,DDR4
"Gigabyte B450 Gaming X, AMD B450",Gigabyte,AM4,B450,DDR4
"Gigabyte B450 I Aorus Pro WiFi, AMD B450",Gigabyte,AM4,B450,DDR4
Gigabyte B450M DS3H V2,Gigabyte,AM4,B450,DDR4
"Gigabyte B450M DS3H, AMD B450",Gigabyte,AM4,B450,DDR4
"Gigabyte B450M Gaming, AMD B450",Gigabyte,AM4,B450,DDR4
Gigabyte B450M H,Gigabyte,AM4,B450,DDR4
Gigabyte B450M S2H V2,Gigabyte,AM4,B450,DDR4
"Gigabyte B450M S2H, AMD B450",Gigabyte,AM4,B450,DDR4
Gigabyte B460M Gaming HD,Gigabyte,1200,B460,DDR4
Gigabyte B550 Aorus Elite,Gigabyte,AM4,B550,DDR4
Gigabyte B550 Aorus Elite AX V2,Gigabyte,AM4,B550,DDR4
Gigabyte B550 Aorus Elite V2,Gigabyte,AM4,B550,DDR4
Gigabyte B550 Aorus Master,Gigabyte,AM4,B550,DDR4
Gigabyte B550 Aorus Pro,Gigabyte,AM4,B550,DDR4
Gigabyte B550 Aorus Pro AC,Gigabyte,AM4,B550,DDR4
Gigabyte B550 Gaming X,Gigabyte,AM4,B550,DDR4
Gigabyte B550 Gaming X V2 Rev 1.1,Gigabyte,AM4,B550,DDR4
Gigabyte B550 Vision D,Gigabyte,AM4,B550,DDR4
Gigabyte B550 Vision D-P,Gigabyte,AM4,B550,DDR4
Gigabyte B550I Aorus Pro AX,Gigabyte,AM4,B550,DDR4
Gigabyte B550M Aorus Elite,Gigabyte,AM4,B550,DDR4
Gigabyte B550M Aorus Pro,Gigabyte,AM4,B550,DDR4
Gigabyte B550M Aorus Pro P,Gigabyte,AM4,B550,DDR4
Gigabyte B550M DS3H,Gigabyte,AM4,B550,DDR4
Gigabyte B550M Gaming,Gigabyte,AM4,B550,DDR4
Gigabyte B550M S2H,Gigabyte,AM4,B550,DDR4
Gigabyte B560 Aorus Pro AX,Gigabyte,1200,B560,DDR4
Gigabyte B560 HD3,Gigabyte,1200,B560,DDR4
Gigabyte B560I Aorus Pro AX,Gigabyte,1200,B560,DDR4
Gigabyte B560M Aorus Elite,Gigabyte,1200,B560,DDR4
Gigabyte B560M Aorus Pro,Gigabyte,1200,B560,DDR4
Gigabyte B560M Aorus Pro AX,Gigabyte,1200,B560,DDR4
Gigabyte B560M D3H,Gigabyte,1200,B560,DDR4
Gigabyte B560M DS3H,Gigabyte,1200,B560,DDR4
Gigabyte B560M DS3H V2,Gigabyte,1200,B560,DDR4
Gigabyte B560M H,Gigabyte,1200,B560,DDR4
GIGABYTE B650M AORUS Elite AX (rev. 1.0),Gigabyte,AM5,B650,DDR5
Gigabyte B660 A Master DDR4,Gigabyte,1700,B660,DDR4
Gigabyte B660 Aorus Master,Gigabyte,1700,B660,DDR5
Gigabyte B660 DS3H AX DDR4,Gigabyte,1700,B660,DDR4
Gigabyte B660 DS3H DDR4,Gigabyte,1700,B660,DDR4
Gigabyte B660 Gaming X AX DDR4,Gigabyte,1700,B660,DDR4
Gigabyte B660 Gaming X DDR4,Gigabyte,1700,B660,DDR4
Gigabyte B660I Aorus PRO DDR4,Gigabyte,1700,B660,DDR4
Gigabyte B660M DS3H AX DDR4,Gigabyte,1700,B660,DDR4
Gigabyte B660M DS3H DDR4,Gigabyte,1700,B660,DDR4
Gigabyte B660M G X AX DDR4,Gigabyte,1700,B660,DDR4
GIGABYTE B660M Gaming AC DDR4,Gigabyte,1700,B660,DDR4
Gigabyte B660M Gaming DDR4,Gigabyte,1700,B660,DDR4
Gigabyte B660M Gaming X DDR4,Gigabyte,1700,B660,DDR4
GIGABYTE B760 A Master DDR4,Gigabyte,1700,B760,DDR4
Gigabyte C246-WU4,Gigabyte,2066,C246,DDR4
Gigabyte GA-AB350M-DS3H,Gigabyte,AM4,B350,DDR4
Gigabyte GA-B150M-DS3P GL/USB3.1/M.2/HDMI/DVI/VGA,Gigabyte,1151,B150,DDR4
Gigabyte GA-B150M-HD3 GL/USB3.0/M.2/HDMI/DVI/VGA,Gigabyte,1151,B150,DDR4
Gigabyte GA-B150N Phoenix-WIFI Mini-ITX,Gigabyte,1151,B150,DDR4
Gigabyte GA-H110M-DS2 GL/USB3.0/SATA600/VGA,Gigabyte,1151,H110,DDR4
Gigabyte GA-IMB410N,Gigabyte,1200,H410,DDR4
Gigabyte GA-X150-PLUS WS GL/USB3.0/SATA600/SATAe/M.2 C232,Gigabyte,1151,C232,DDR4
Gigabyte GA-X150M-PRO ECC GL/USB3.0/SATA600/SATAe/M.2 C232,Gigabyte,1151,C232,DDR4
Gigabyte GA-X170-EXTREME ECC 2xGL/USB3.1/TB 3/SATAe/M.2 C236,Gigabyte,1151,C236,DDR4
Gigabyte GA-Z170X-Gaming 7 2x GB-LAN/SATAe/M.2/USB3.1,Gigabyte,1151,Z170,DDR4
Gigabyte H110-D3A BTC Edition,Gigabyte,1151,H110,DDR4
Gigabyte H110M-S2HP,Gigabyte,1151,H110,DDR4
Gigabyte H110TN-E,Gigabyte,1151,H110,DDR4
Gigabyte H110TN-M,Gigabyte,1151,H110,DDR4
Gigabyte H170-D3HP,Gigabyte,1151,H170,DDR4
Gigabyte H170-HD3,Gigabyte,1151,H170,DDR4
Gigabyte H170M-D3H,Gigabyte,1151,H170,DDR4
Gigabyte H170N-WIFI,Gigabyte,1151,H170,DDR4
Gigabyte H270-Gaming 3,Gigabyte,1151,H270,DDR4
Gigabyte H270-HD3,Gigabyte,1151,H270,DDR4
Gigabyte H270N-WIFI,Gigabyte,1151,H270,DDR4
Gigabyte H310M S2H,Gigabyte,1151,H310,DDR4
Gigabyte H310M S2H 2.0,Gigabyte,1151,H310,DDR4
Gigabyte H370 Aorus Gaming 3 WIFI,Gigabyte,1151,H370,DDR4
Gigabyte H370 HD3,Gigabyte,1151,H370,DDR4
Gigabyte H370M D3H GSM,Gigabyte,1151,H370,DDR4
Gigabyte H410M H V3,Gigabyte,1200,H510,DDR4
Gigabyte H410M S2H,Gigabyte,1200,H410,DDR4
Gigabyte H410M S2H V2,Gigabyte,1200,H470,DDR4
Gigabyte H410M S2H V3,Gigabyte,1200,H510,DDR4
Gigabyte H470 HD3,Gigabyte,1200,H470,DDR4
Gigabyte H470M DS3H,Gigabyte,1200,H470,DDR4
Gigabyte H510M H,Gigabyte,1200,H510,DDR4
Gigabyte H510M S2H V2,Gigabyte,1200,H510,DDR4
Gigabyte H610I DDR4,Gigabyte,1700,H610,DDR4
Gigabyte H610M H DDR4,Gigabyte,1700,H610,DDR4
Gigabyte H610M S2H DDR4,Gigabyte,1700,H610,DDR4
GIGABYTE MC62-G40,Gigabyte,sWRX8,WRX80,DDR4
Gigabyte MD30-RS0 3xGL/SATA600/Seriell C612 E-,Gigabyte,2011-3,C612,DDR4
Gigabyte MD50-LS0 3xGL/SATA600/Seriell C612 E-,Gigabyte,2011-3,C612,DDR4
Gigabyte MD70-HB1 3xGL/USB3.0/SATA600/Seriell C612 E- 2x,Gigabyte,2011-3,C612,DDR4
Gigabyte Q170TN,Gigabyte,1151,Q170,DDR4
Gigabyte TRX40 Aorus Master,Gigabyte,TRX40,TRX40,DDR4
Gigabyte TRX40 Aorus Pro WiFi,Gigabyte,TRX40,TRX40,DDR4
Gigabyte TRX40 Aorus Xtreme,Gigabyte,TRX40,TRX40,DDR4
Gigabyte TRX40 Designare,Gigabyte,TRX40,TRX40,DDR4
Gigabyte W480 Vision D,Gigabyte,1200,W480,DDR4
Gigabyte W480 Vision W,Gigabyte,1200,W480,DDR4
Gigabyte W480M Vision W,Gigabyte,1200,W480,DDR4
Gigabyte X299 Designare EX,Gigabyte,2066,X299,DDR4
Gigabyte X299 UD4,Gigabyte,2066,X299,DDR4
Gigabyte X299 UD4 Pro,Gigabyte,2066,X299,DDR4
Gigabyte X299-WU8,Gigabyte,2066,X299,DDR4
Gigabyte X299X Aorus Master,Gigabyte,2066,X299,DDR4
Gigabyte X299X Aorus Xtreme Waterforce,Gigabyte,2066,X299,DDR4
Gigabyte X299X Designare 10G,Gigabyte,2066,X299,DDR4
Gigabyte X299X Designare 10G (Rev 1.0),Gigabyte,2066,X299,DDR4
Gigabyte X399 Aorus Xtreme,Gigabyte,TR4,X399,DDR4
Gigabyte X399 Designare EX,Gigabyte,TR4,X399,DDR4
Gigabyte X470 Aorus Gaming 5 WiFi,Gigabyte,AM4,X470,DDR4
Gigabyte X470 Aorus Gaming 7 WiFi,Gigabyte,AM4,X470,DDR4
"Gigabyte X470 Aorus Ultra Gaming, AMD X470",Gigabyte,AM4,X470,DDR4
"Gigabyte X570 Aorus Master, AMD X570",Gigabyte,AM4,X570,DDR4
"Gigabyte X570 Aorus Ultra, AMD X570",Gigabyte,AM4,X570,DDR4
"Gigabyte X570 Aorus Xtreme, AMD X570",Gigabyte,AM4,X570,DDR4
"Gigabyte X570 UD, AMD X570",Gigabyte,AM4,X570,DDR4
Gigabyte X570S Aero G,Gigabyte,AM4,X570,DDR4
Gigabyte X570S Aorus Elite,Gigabyte,AM4,X570,DDR4
Gigabyte X570S Aorus Master,Gigabyte,AM4,X570,DDR4
Gigabyte X570S Aorus Pro AX,Gigabyte,AM4,X570,DDR4
Gigabyte X570S UD,Gigabyte,AM4,X570,DDR4
GIGABYTE X670 Gaming X AX,Gigabyte,AM5,X670,DDR5
GIGABYTE X670E AORUS Master,Gigabyte,AM5,X670E,DDR5
GIGABYTE X670E AORUS Xtreme,Gigabyte,AM5,X670E,DDR5
Gigabyte X99 Designare EX,Gigabyte,2011-V3,X99,DDR4
Gigabyte X99 Ultra Gaming,Gigabyte,2011-V3,X99,DDR4
Gigabyte X99 Ultra Gaming-EK,Gigabyte,2011-V3,X99,DDR4
Gigabyte X99-Gaming 5P,Gigabyte,2011-V3,X99,DDR4
Gigabyte X99-UD5 WIFI,Gigabyte,2011-V3,X99,DDR4
Gigabyte X99P SLI,Gigabyte,2011-V3,X99,DDR4
Gigabyte Z170-HD3P,Gigabyte,1151,Z170,DDR4
Gigabyte Z170M-D3H,Gigabyte,1151,Z170,DDR4
Gigabyte Z170MX-Gaming 5,Gigabyte,1151,Z170,DDR4
Gigabyte Z170N-WIFI,Gigabyte,1151,Z170,DDR4
Gigabyte Z170X Gaming 7-EK,Gigabyte,1151,Z170,DDR4
Gigabyte Z170X Ultra Gaming,Gigabyte,1151,Z170,DDR4
Gigabyte Z170X-Designare,Gigabyte,1151,Z170,DDR4
Gigabyte Z170X-Gaming 3-EU,Gigabyte,1151,Z170,DDR4
Gigabyte Z170X-Gaming 7,Gigabyte,1151,Z170,DDR4
Gigabyte Z170X-SOC Force,Gigabyte,1151,Z170,DDR4
Gigabyte Z170XP-SLI,Gigabyte,1151,Z170,DDR4
Gigabyte Z270M-D3H,Gigabyte,1151,Z270,DDR4
Gigabyte Z270N-WIFI,Gigabyte,1151,Z270,DDR4
Gigabyte Z270X-UD3,Gigabyte,1151,Z270,DDR4
Gigabyte Z370 Aorus Gaming 3,Gigabyte,1151,Z370,DDR4
Gigabyte Z370 Aorus Gaming 5,Gigabyte,1151,Z370,DDR4
Gigabyte Z370 Aorus Gaming 7,Gigabyte,1151,Z370,DDR4
Gigabyte Z370 Aorus Gaming 7 + 32GB Optane,Gigabyte,1151,Z370,DDR4
Gigabyte Z370 Aorus Gaming K3,Gigabyte,1151,Z370,DDR4
Gigabyte Z370 Aorus Ultra Gaming,Gigabyte,1151,Z370,DDR4
Gigabyte Z370 Aorus Ultra Gaming 2.0,Gigabyte,1151,Z370,DDR4
Gigabyte Z370 Aorus Ultra Gaming 2.0 + 32GB Optane,Gigabyte,1151,Z370,DDR4
Gigabyte Z370 Aorus Ultra Gaming WiFi,Gigabyte,1151,Z370,DDR4
Gigabyte Z370 Aorus Ultra Gaming Wifi + 32GB Optane,Gigabyte,1151,Z370,DDR4
Gigabyte Z370 HD3 + 32GB Optane,Gigabyte,1151,Z370,DDR4
Gigabyte Z370-HD3,Gigabyte,1151,Z370,DDR4
Gigabyte Z370-HD3P,Gigabyte,1151,Z370,DDR4
Gigabyte Z370M-D3H,Gigabyte,1151,Z370,DDR4
Gigabyte Z370N-WIFI,Gigabyte,1151,Z370,DDR4
Gigabyte Z390 Aorus Elite,Gigabyte,1151,Z390,DDR4
Gigabyte Z390 Aorus Master,Gigabyte,1151,Z390,DDR4
Gigabyte Z390 Aorus Master G2 Edition,Gigabyte,1151,Z390,DDR4
Gigabyte Z390 Aorus Pro,Gigabyte,1151,Z390,DDR4
Gigabyte Z390 Aorus Pro WiFi,Gigabyte,1151,Z390,DDR4
Gigabyte Z390 Aorus Ultra,Gigabyte,1151,Z390,DDR4
Gigabyte Z390 Aorus Xtreme,Gigabyte,1151,Z390,DDR4
Gigabyte Z390 Aorus Xtreme Waterforce,Gigabyte,1151,Z390,DDR4
Gigabyte Z390 D,Gigabyte,1151,Z390,DDR4
Gigabyte Z390 Designare,Gigabyte,1151,Z390,DDR4
Gigabyte Z390 Gaming SLI,Gigabyte,1151,Z390,DDR4
Gigabyte Z390 Gaming X,Gigabyte,1151,Z390,DDR4
Gigabyte Z390 M,Gigabyte,1151,Z390,DDR4
Gigabyte Z390 M Gaming,Gigabyte,1151,Z390,DDR4
Gigabyte Z490 Aorus Master,Gigabyte,1200,Z490,DDR4
Gigabyte Z490 Aorus Pro AX,Gigabyte,1200,Z490,DDR4
Gigabyte Z490 Aorus Ultra,Gigabyte,1200,Z490,DDR4
Gigabyte Z490 Aorus Ultra G2,Gigabyte,1200,Z490,DDR4
Gigabyte Z490 Aorus XTreme,Gigabyte,1200,Z490,DDR4
Gigabyte Z490 Aorus XTreme Waterforce,Gigabyte,1200,Z490,DDR4
Gigabyte Z490 Gaming X,Gigabyte,1200,Z490,DDR4
Gigabyte Z490 Gaming X AX,Gigabyte,1200,Z490,DDR4
Gigabyte Z490 UD,Gigabyte,1200,Z490,DDR4
Gigabyte Z490 UD AC,Gigabyte,1200,Z490,DDR4
Gigabyte Z490 Vision D,Gigabyte,1200,Z490,DDR4
Gigabyte Z490M,Gigabyte,1200,Z490,DDR4
Gigabyte Z490M Gaming X,Gigabyte,1200,Z490,DDR4
Gigabyte Z590 Aorus Elite AX,Gigabyte,1200,Z590,DDR4
Gigabyte Z590 Aorus Master,Gigabyte,1200,Z590,DDR4
Gigabyte Z590 Aorus Pro AX,Gigabyte,1200,Z590,DDR4
Gigabyte Z590 Aorus Ultra,Gigabyte,1200,Z590,DDR4
Gigabyte Z590 Aorus XTreme,Gigabyte,1200,Z590,DDR4
Gigabyte Z590 Aorus Xtreme Waterforce,Gigabyte,1200,Z590,DDR4
Gigabyte Z590 D,Gigabyte,1200,Z590,DDR4
Gigabyte Z590 Gaming X,Gigabyte,1200,Z590,DDR4
Gigabyte Z590 UD AC,Gigabyte,1200,Z590,DDR4
Gigabyte Z590 Vision D,Gigabyte,1200,Z590,DDR4
Gigabyte Z590 Vision G,Gigabyte,1200,Z590,DDR4
Gigabyte Z590I Aorus Ultra,Gigabyte,1200,Z590,DDR4
Gigabyte Z590I Vision D,Gigabyte,1200,Z590,DDR4
Gigabyte Z590M,Gigabyte,1200,Z590,DDR4
Gigabyte Z590M Gaming X,Gigabyte,1200,Z590,DDR4
Gigabyte Z690 Aero G,Gigabyte,1700,Z690,DDR5
Gigabyte Z690 Aorus Elite AX,Gigabyte,1700,Z690,DDR5
Gigabyte Z690 Aorus Tachyon,Gigabyte,1700,Z690,DDR5
Gigabyte Z690 Aorus Ultra,Gigabyte,1700,Z690,DDR5
Gigabyte Z690 Aorus Xtreme,Gigabyte,1700,Z690,DDR5
Gigabyte Z690 Aorus Xtreme WB,Gigabyte,1700,Z690,DDR5
Gigabyte Z690 Gaming X,Gigabyte,1700,Z690,DDR5
Gigabyte Z690 Gaming X DDR4,Gigabyte,1700,Z690,DDR4
Gigabyte Z690 UD,Gigabyte,1700,Z690,DDR5
Gigabyte Z690 UD DDR4,Gigabyte,1700,Z690,DDR4
Gigabyte Z690I Aorus Ultra,Gigabyte,1700,Z690,DDR5
Gigabyte Z690M A Elite AX DDR4,Gigabyte,1700,Z690,DDR4
Gigabyte Z690M DS3H DDR4,Gigabyte,1700,Z690,DDR4
GIGABYTE Z790 Aorus Elite AX,Gigabyte,1700,Z790,DDR5
MSI A320M Bazooka,MSI,AM4,A320,DDR4
MSI A320M Grenade,MSI,AM4,A320,DDR4
"MSI A320M-A Pro Max, socket AM4",MSI,AM4,A320,DDR4
"MSI A320M-A Pro, socket AM4",MSI,AM4,A320,DDR4
MSI A520M Pro,MSI,AM4,A520,DDR4
MSI A520M PRO-VH,MSI,AM4,A520,DDR4
MSI A520M Vector WiFi,MSI,AM4,A520,DDR4
MSI A520M-A Pro,MSI,AM4,A520,DDR4
MSI B150 Gaming M3,MSI,1151,B150,DDR4
MSI B150 PC Mate,MSI,1151,B150,DDR4
MSI B150A Gaming Pro,MSI,1151,B150,DDR4
MSI B150I Gaming Pro,MSI,1151,B150,DDR4
MSI B150M Bazooka Plus,MSI,1151,B150,DDR4
MSI B150M ECO USB3.1/SATA600/HDMI/DVI/VGA B150,MSI,1151,B150,DDR4
MSI B150M Gaming Pro,MSI,1151,B150,DDR4
MSI B150M Grenade USB3.1/HDMI/DVI/VGA/Turbo M.2 B150,MSI,1151,B150,DDR4
MSI B150M Mortar Arctic,MSI,1151,B150,DDR4
MSI B150M Night Elf,MSI,1151,B150,DDR4
MSI B150M PRO-DDP,MSI,1151,B150,DDR4
MSI B250 Gaming M3,MSI,1151,B250,DDR4
MSI B250 Gaming Pro Carbon,MSI,1151,B250,DDR4
MSI B250 KRAIT Gaming,MSI,1151,B250,DDR4
MSI B250 PC MATE,MSI,1151,B250,DDR4
MSI B250I Gaming Pro AC,MSI,1151,B250,DDR4
MSI B250I Pro,MSI,1151,B250,DDR4
MSI B250M Gaming Pro,MSI,1151,B250,DDR4
MSI B250M Mortar Arctic,MSI,1151,B250,DDR4
MSI B250M Pro-VD,MSI,1151,B250,DDR4
MSI B250M Pro-VH,MSI,1151,B250,DDR4
MSI B350 Gaming Pro Carbon,MSI,AM4,B350,DDR4
MSI B350 Krait Gaming,MSI,AM4,B350,DDR4
MSI B350 PC Mate,MSI,AM4,B350,DDR4
MSI B350 Tomahawk Arctic,MSI,AM4,B350,DDR4
MSI B350I Pro AC,MSI,AM4,B350,DDR4
MSI B350M Gaming Pro,MSI,AM4,B350,DDR4
MSI B350M Mortar,MSI,AM4,B350,DDR4
MSI B350M Mortar Arctic,MSI,AM4,B350,DDR4
MSI B350M Pro-VDH,MSI,AM4,B350,DDR4
MSI B360 Gaming Plus,MSI,1151,B360,DDR4
MSI B360 Gaming Pro Carbon,MSI,1151,B360,DDR4
MSI B360-A Pro,MSI,1151,B360,DDR4
MSI B360I Gaming Pro AC,MSI,1151,B360,DDR4
MSI B360M Bazooka,MSI,1151,B360,DDR4
MSI B360M Gaming Plus,MSI,1151,B360,DDR4
MSI B360M Mortar Titanium,MSI,1151,B360,DDR4
MSI B360M Pro-VD,MSI,1151,B360,DDR4
MSI B360M Pro-VDH,MSI,1151,B360,DDR4
MSI B360M Pro-VH,MSI,1151,B360,DDR4
"MSI B365M Pro-VH, socket 1151",MSI,1151,B365,DDR4
MSI B450 Gaming Plus,MSI,AM4,B450,DDR4
"MSI B450 Gaming Pro Carbon AC, AMD B450",MSI,AM4,B450,DDR4
MSI B450 Tomahawk Max II,MSI,AM4,B450,DDR4
"MSI B450-A Pro Max, AMD B450-, socket AM4",MSI,AM4,B450,DDR4
"MSI B450M Bazooka V2, AMD B450",MSI,AM4,B450,DDR4
MSI B450M Gaming Plus,MSI,AM4,B450,DDR4
MSI B450M Pro-M2,MSI,AM4,B450,DDR4
"MSI B450M Pro-M2 Max, AMD B450-, socket AM4",MSI,AM4,B450,DDR4
MSI B450M Pro-VDH,MSI,AM4,B450,DDR4
MSI B450M-A Pro Max,MSI,AM4,B450,DDR4
MSI B460I Gaming Edge WiFi,MSI,1200,B460,DDR4
MSI B460M Pro,MSI,1200,B460,DDR4
MSI B460M Pro-VDH WiFi,MSI,1200,B460,DDR4
MSI B550M PRO,MSI,AM4,B550,DDR4
MSI B550M Pro-VDH,MSI,AM4,B550,DDR4
MSI B550M Pro-VDH WiFi,MSI,AM4,B550,DDR4
MSI B560M Pro,MSI,1200,B560,DDR4
MSI B560M Pro WiFi,MSI,1200,B560,DDR4
MSI B560M Pro-VDH,MSI,1200,B560,DDR4
MSI B560M Pro-VDH WiFi,MSI,1200,B560,DDR4
MSI B560M-A Pro,MSI,1200,B560,DDR4
MSI C236A Workstation USB3.1/M.2/DVI/HDMI/VGA,MSI,1151,C236,DDR4
MSI C236M Workstation USB3.1/SATAe/DVI/HDMI/VGA,MSI,1151,C236,DDR4
MSI Creator TRX40,MSI,TRX40,TRX40,DDR4
MSI Creator X299,MSI,2066,X299,DDR4
MSI H110I Pro,MSI,1151,H110,DDR4
MSI H110M ECO USB3.1/HDMI/DVI/VGA,MSI,1151,H110,DDR4
MSI H110M Gaming,MSI,1151,H110,DDR4
MSI H110M Grenade USB3.1 (Typ C)/DVI/VGA/HDMI/M.2,MSI,1151,H110,DDR4
MSI H110M Pro-D USB3.1/DVI,MSI,1151,H110,DDR4
MSI H110M PRO-VDP,MSI,1151,H110,DDR4
MSI H110M Pro-VH USB3.1/VGA/HDMI,MSI,1151,H110,DDR4
MSI H170 GAMING M3 USB3.1/HDMI/DVI/M.2/SATAe H170,MSI,1151,H170,DDR4
MSI H170A Gaming Pro,MSI,1151,H170,DDR4
MSI H170A PC Mate,MSI,1151,H170,DDR4
MSI H170I Pro AC,MSI,1151,H170,DDR4
MSI H170M Pro-DH,MSI,1151,H170,DDR4
MSI H170M Pro-VDH,MSI,1151,H170,DDR4
MSI H170M-A Pro,MSI,1151,H170,DDR4
MSI H270 Gaming M3,MSI,1151,H270,DDR4
MSI H270 Gaming Pro Carbon,MSI,1151,H270,DDR4
MSI H270 PC MATE,MSI,1151,H270,DDR4
MSI H270 Tomahawk ARCTIC,MSI,1151,H270,DDR4
MSI H270I Gaming Pro AC,MSI,1151,H270,DDR4
MSI H270M Bazooka,MSI,1151,H270,DDR4
MSI H310-A Pro,MSI,1151,H310,DDR4
MSI H310M Gaming Plus,MSI,1151,H310,DDR4
MSI H310M Pro-M2,MSI,1151,H310,DDR4
"MSI H310M Pro-M2 Plus, socket 1151",MSI,1151,H310,DDR4
MSI H310M Pro-VD,MSI,1151,H310,DDR4
"MSI H310M Pro-VD Plus, socket 1151",MSI,1151,H310,DDR4
MSI H370 Gaming Plus,MSI,1151,H370,DDR4
MSI H370 Gaming Pro Carbon,MSI,1151,H370,DDR4
MSI H370M Bazooka,MSI,1151,H370,DDR4
MSI H410M-A Pro,MSI,1200,H410,DDR4
MSI H510I Pro WiFi,MSI,1200,H510,DDR4
MSI H510M Pro,MSI,1200,H510,DDR4
MSI H510M-A Pro,MSI,1200,H510,DDR4
MSI MAG B460 Tomahawk,MSI,1200,B460,DDR4
MSI MAG B460M Bazooka,MSI,1200,B460,DDR4
MSI MAG B460M Mortar,MSI,1200,B460,DDR4
MSI MAG B460M Mortar WiFi,MSI,1200,B460,DDR4
MSI MAG B550 Tomahawk,MSI,AM4,B550,DDR4
MSI MAG B550M Bazooka,MSI,AM4,B550,DDR4
MSI MAG B550M Mortar,MSI,AM4,B550,DDR4
MSI MAG B550M Mortar WiFi,MSI,AM4,B550,DDR4
MSI MAG B560 Tomahawk WiFi,MSI,1200,B560,DDR4
MSI MAG B560 Torpedo,MSI,1200,B560,DDR4
MSI MAG B560M Bazooka,MSI,1200,B560,DDR4
MSI MAG B560M Mortar,MSI,1200,B560,DDR4
MSI MAG B560M Mortar WiFi,MSI,1200,B560,DDR4
MSI MAG B660 TOMAHAWK WIFI,MSI,1700,B660,DDR5
MSI MAG B660 TOMAHAWK WIFI DDR4,MSI,1700,B660,DDR4
MSI MAG B660M BAZOOKA DDR4,MSI,1700,B660,DDR4
MSI MAG B660M MORTAR,MSI,1700,B660,DDR5
MSI MAG B660M MORTAR DDR4,MSI,1700,B660,DDR4
MSI MAG B660M MORTAR WIFI,MSI,1700,B660,DDR5
MSI MAG H670 TOMAHAWK WIFI DDR4,MSI,1700,H670,DDR4
MSI MAG X570S Tomahawk WiFi,MSI,AM4,X570,DDR4
MSI MAG X570S Torpedo Max,MSI,AM4,X570,DDR4
MSI MAG Z390 Tomahawk,MSI,1151,Z390,DDR4
MSI MAG Z390M Mortar,MSI,1151,Z390,DDR4
MSI MAG Z490 Tomahawk,MSI,1200,Z490,DDR4
MSI MAG Z590 Tomahawk WiFi,MSI,1200,Z590,DDR4
MSI MAG Z590 Torpedo,MSI,1200,Z590,DDR4
MSI MAG Z690M Mortar WiFi,MSI,1700,Z690,DDR5
MSI MEG B550 Unify,MSI,AM4,B550,DDR4
MSI MEG B550 Unify-X,MSI,AM4,B550,DDR4
"MSI MEG X570 ACE, AMD X570",MSI,AM4,X570,DDR4
"MSI MEG X570 Godlike, AMD X570",MSI,AM4,X570,DDR4
"MSI MEG X570 Unifiy, AMD X570-, socket AM4",MSI,AM4,X570,DDR4
MSI MEG X570S ACE Max,MSI,AM4,X570,DDR4
MSI MEG X570S Unify-X Max,MSI,AM4,X570S,DDR4
MSI MEG Z390 ACE,MSI,1151,Z390,DDR4
MSI MEG Z390 Godlike,MSI,1151,Z390,DDR4
MSI MEG Z490 ACE,MSI,1200,Z490,DDR4
MSI MEG Z490 Godlike,MSI,1200,Z490,DDR4
MSI MEG Z590 ACE,MSI,1200,Z590,DDR4
MSI MEG Z590 ACE Gold Edition,MSI,1200,Z590,DDR4
MSI MEG Z590 Godlike,MSI,1200,Z590,DDR4
MSI MEG Z590 Unify,MSI,1200,Z590,DDR4
MSI MEG Z590 Unify-X,MSI,1200,Z590,DDR4
MSI MEG Z590I Unify,MSI,1200,Z590,DDR4
MSI MEG Z690 ACE,MSI,1700,Z690,DDR5
MSI MEG Z690 Godlike,MSI,1700,Z690,DDR5
MSI MEG Z690 Unifiy,MSI,1700,Z690,DDR5
MSI MEG Z690 Unify-X,MSI,1700,Z690,DDR5
MSI MEG Z690I Unify,MSI,1700,Z690,DDR5
MSI MPG B550 Gaming Carbon WiFi,MSI,AM4,B550,DDR4
MSI MPG B550 Gaming Edge WiFi,MSI,AM4,B550,DDR4
MSI MPG B550 Gaming Plus,MSI,AM4,B550,DDR4
MSI MPG B550I Gaming Edge Max WiFi,MSI,AM4,B550,DDR4
MSI MPG B550I Gaming Edge WiFi,MSI,AM4,B550,DDR4
MSI MPG B560I Gaming Edge WiFi,MSI,1200,B560,DDR4
"MSI MPG X570 Gaming Edge WiFi, AMD X570",MSI,AM4,X570,DDR4
"MSI MPG X570 Gaming Plus, AMD X570",MSI,AM4,X570,DDR4
"MSI MPG X570 Gaming Pro Carbon WiFi, AMD X570",MSI,AM4,X570,DDR4
MSI MPG X570S Carbon EK X,MSI,AM4,X570S,DDR4
MSI MPG X570S Carbon Max WiFi,MSI,AM4,X570S,DDR4
MSI MPG X570S Edge Max WiFi,MSI,AM4,X570S,DDR4
MSI MPG Z390 Gaming Edge AC,MSI,1151,Z390,DDR4
MSI MPG Z390 Gaming Plus,MSI,1151,Z390,DDR4
MSI MPG Z390 Gaming Pro Carbon,MSI,1151,Z390,DDR4
MSI MPG Z390 Gaming Pro Carbon AC,MSI,1151,Z390,DDR4
MSI MPG Z390I Gaming Edge AC,MSI,1151,Z390,DDR4
MSI MPG Z390M Gaming Edge AC,MSI,1151,Z390,DDR4
MSI MPG Z490 Carbon EK X,MSI,1200,Z490,DDR4
MSI MPG Z490 Gaming Carbon WiFi,MSI,1200,Z490,DDR4
MSI MPG Z490 Gaming Edge WiFi,MSI,1200,Z490,DDR4
MSI MPG Z490 Gaming Plus,MSI,1200,Z490,DDR4
MSI MPG Z590 Gaming Carbon WiFi,MSI,1200,Z590,DDR4
MSI MPG Z590 Gaming Edge WiFi,MSI,1200,Z590,DDR4
MSI MPG Z590 Gaming Force,MSI,1200,Z590,DDR4
MSI MPG Z590 Gaming Plus,MSI,1200,Z590,DDR4
MSI MPG Z590M Gaming Edge Wifi,MSI,1200,Z590,DDR4
MSI MPG Z690 CARBON EK X,MSI,1700,Z690,DDR5
MSI MPG Z690 Carbon WiFi,MSI,1700,Z690,DDR5
MSI MPG Z690 Edge WiFi,MSI,1700,Z690,DDR5
MSI MPG Z690 Edge WiFi DDR4,MSI,1700,Z690,DDR4
MSI MPG Z690 Force WiFi,MSI,1700,Z690,DDR5
"MSI Prestige X570 Creation, AMD X570",MSI,AM4,X570,DDR4
MSI PRO B660M-A DDR4,MSI,1700,B660,DDR4
MSI PRO B660M-A WIFI DDR4,MSI,1700,B660,DDR4
MSI PRO B660M-B DDR4,MSI,1700,B660,DDR4
MSI PRO B660M-E DDR4,MSI,1700,B660,DDR4
MSI PRO B660M-G DDR4,MSI,1700,B660,DDR4
MSI Pro B760-P WiFi DDR4,MSI,1700,B760,DDR4
MSI Pro B760M-A WiFi DDR4,MSI,1700,B760,DDR4
MSI Pro B760M-G DDR4,MSI,1700,B760,DDR4
MSI PRO H410M-B,MSI,1200,H510,DDR4
MSI PRO H610M-B DDR4,MSI,1700,H610,DDR4
MSI PRO H610M-G DDR4,MSI,1700,H610,DDR4
MSI Pro X670-P Wifi,MSI,AM5,X670E,DDR5
MSI Pro Z690-A WiFi,MSI,1700,Z690,DDR5
MSI Pro Z690-P DDR4,MSI,1700,Z690,DDR4
MSI TRX40 Pro 10G,MSI,TRX40,TRX40,DDR4
MSI TRX40 Pro WiFi,MSI,TRX40,TRX40,DDR4
MSI X299 Gaming M7 ACK,MSI,2066,X299,DDR4
MSI X299 Gaming Pro Carbon,MSI,2066,X299,DDR4
MSI X299 Gaming Pro Carbon AC,MSI,2066,X299,DDR4
MSI X299 PRO,MSI,2066,X299,DDR4
MSI X299 Pro 10G,MSI,2066,X299,DDR4
MSI X299 Raider,MSI,2066,X299,DDR4
MSI X299 SLI Plus,MSI,2066,X299,DDR4
MSI X299 Tomahawk,MSI,2066,X299,DDR4
MSI X299 Tomahawk AC,MSI,2066,X299,DDR4
MSI X299 Tomahawk Arctic,MSI,2066,X299,DDR4
MSI X299 XPower Gaming AC,MSI,2066,X299,DDR4
MSI X370 Gaming Plus,MSI,AM4,X370,DDR4
MSI X370 Gaming Pro,MSI,AM4,X370,DDR4
MSI X370 Gaming Pro Carbon,MSI,AM4,X370,DDR4
MSI X370 Krait Gaming,MSI,AM4,X370,DDR4
MSI X370 SLI Plus,MSI,AM4,X370,DDR4
MSI X370 Xpower Gaming Titanium,MSI,AM4,X370,DDR4
MSI X399 SLI Plus,MSI,TR4,X399,DDR4
MSI X470 Gaming M7 AC,MSI,AM4,X470,DDR4
MSI X470 Gaming Plus,MSI,AM4,X470,DDR4
"MSI X470 Gaming Plus Max, AMD X470-, socket AM4",MSI,AM4,X470,DDR4
MSI X470 Gaming Pro,MSI,AM4,X470,DDR4
MSI X470 Gaming Pro Carbon,MSI,AM4,X470,DDR4
MSI X470 Gaming Pro Carbon AC,MSI,AM4,X470,DDR4
"MSI X470 Gaming Pro Max, AMD X470-, socket AM4",MSI,AM4,X470,DDR4
"MSI X570-A Pro, AMD X570",MSI,AM4,X570,DDR4
MSI X99A Gaming 7,MSI,2011-V3,X99,DDR4
MSI X99A Gaming 9 ACK,MSI,2011-V3,X99,DDR4
MSI X99A Gaming Pro Carbon,MSI,2011-V3,X99,DDR4
MSI X99A Godlike Gaming,MSI,2011-V3,X99,DDR4
MSI X99A Godlike Gaming Carbon,MSI,2011-V3,X99,DDR4
MSI X99A SLI,MSI,2011-V3,X99,DDR4
MSI X99A SLI Krait Edition,MSI,2011-V3,X99,DDR4
MSI X99A SLI Plus,MSI,2011-V3,X99,DDR4
MSI X99A Tomahawk,MSI,2011-V3,X99,DDR4
MSI X99A Workstation,MSI,2011-V3,X99,DDR4
MSI X99A Xpower Gaming Titanium,MSI,2011-V3,X99,DDR4
MSI Z170A Gaming M3,MSI,1151,Z170,DDR4
MSI Z170A Gaming M5,MSI,1151,Z170,DDR4
MSI Z170A Gaming Pro Carbon,MSI,1151,Z170,DDR4
MSI Z170A Krait Gaming 3X,MSI,1151,Z170,DDR4
MSI Z170A MPower Gaming Titanium,MSI,1151,Z170,DDR4
MSI Z170A SLI,MSI,1151,Z170,DDR4
MSI Z170A SLI Plus,MSI,1151,Z170,DDR4
MSI Z170A Tomahawk USB3.1/DVI/HDMI/M.2/SATAe,MSI,1151,Z170,DDR4
MSI Z170A XPower Gaming Titanium,MSI,1151,Z170,DDR4
MSI Z170I Gaming Pro AC,MSI,1151,Z170,DDR4
MSI Z170M Mortar,MSI,1151,Z170,DDR4
MSI Z270 Gaming M3,MSI,1151,Z270,DDR4
MSI Z270 Gaming M5,MSI,1151,Z270,DDR4
MSI Z270 Gaming M7,MSI,1151,Z270,DDR4
MSI Z270 Gaming Pro,MSI,1151,Z270,DDR4
MSI Z270 Mpower Gaming Titanium,MSI,1151,Z270,DDR4
MSI Z270 Tomahawk Arctic,MSI,1151,Z270,DDR4
MSI Z270I Gaming Pro Carbon AC,MSI,1151,Z270,DDR4
MSI Z270M Mortar,MSI,1151,Z270,DDR4
MSI Z370 Gaming M5,MSI,1151,Z370,DDR4
MSI Z370 Gaming Pro Carbon,MSI,1151,Z370,DDR4
MSI Z370 Gaming Pro Carbon AC,MSI,1151,Z370,DDR4
MSI Z370 Godlike Gaming,MSI,1151,Z370,DDR4
MSI Z370 Krait Gaming,MSI,1151,Z370,DDR4
MSI Z370 PC Pro,MSI,1151,Z370,DDR4
MSI Z370 Tomahawk,MSI,1151,Z370,DDR4
MSI Z370I Gaming Pro Carbon AC,MSI,1151,Z370,DDR4
MSI Z370M Gaming Pro AC,MSI,1151,Z370,DDR4
MSI Z390-A Pro,MSI,1151,Z390,DDR4
MSI Z490-A Pro,MSI,1200,Z490,DDR4
MSI Z590 Pro WiFi,MSI,1200,Z590,DDR4
MSI Z590-A Pro,MSI,1200,Z590,DDR4
"NZXT N7 Z370, black",NZXT,1151,Z370,DDR4
"NZXT N7 Z370, white",NZXT,1151,Z370,DDR4
"NZXT N7 Z390 Intel Z390 , black",NZXT,1151,Z390,DDR4
"NZXT N7 Z390 Intel Z390 , white",NZXT,1151,Z390,DDR4
Supermicro M12SWA-TF socket WRX80,Supermicro,sWRX8,WRX80,DDR4
Supermicro Supero C7Z370-CG-L Single,Supermicro,1151,Z370,DDR4
